-- --------------------------------------------------------
-- Host:                         185.117.72.136
-- Versión del servidor:         5.1.73 - Source distribution
-- SO del servidor:              redhat-linux-gnu
-- HeidiSQL Versión:             9.4.0.5125
-- --------------------------------------------------------

/*!40101 SET @OLD_CHARACTER_SET_CLIENT=@@CHARACTER_SET_CLIENT */;
/*!40101 SET NAMES utf8 */;
/*!40014 SET @OLD_FOREIGN_KEY_CHECKS=@@FOREIGN_KEY_CHECKS, FOREIGN_KEY_CHECKS=0 */;
/*!40101 SET @OLD_SQL_MODE=@@SQL_MODE, SQL_MODE='NO_AUTO_VALUE_ON_ZERO' */;


-- Volcando estructura de base de datos para proyectoinfo2
CREATE DATABASE IF NOT EXISTS `proyectoinfo2` /*!40100 DEFAULT CHARACTER SET utf8 COLLATE utf8_spanish_ci */;
USE `proyectoinfo2`;

-- Volcando estructura para tabla proyectoinfo2.ADMINISTRADOR
CREATE TABLE IF NOT EXISTS `ADMINISTRADOR` (
  `ID_ADMINISTRADOR` int(11) NOT NULL,
  `ID_USUARIO` int(11) NOT NULL,
  PRIMARY KEY (`ID_ADMINISTRADOR`),
  KEY `ID_USUARIO` (`ID_USUARIO`)
) ENGINE=MyISAM DEFAULT CHARSET=utf8 COLLATE=utf8_spanish_ci;

-- Volcando datos para la tabla proyectoinfo2.ADMINISTRADOR: 1 rows
/*!40000 ALTER TABLE `ADMINISTRADOR` DISABLE KEYS */;
INSERT IGNORE INTO `ADMINISTRADOR` (`ID_ADMINISTRADOR`, `ID_USUARIO`) VALUES
	(1, 5);
/*!40000 ALTER TABLE `ADMINISTRADOR` ENABLE KEYS */;

-- Volcando estructura para tabla proyectoinfo2.CITAS
CREATE TABLE IF NOT EXISTS `CITAS` (
  `ID_CITA` int(11) NOT NULL AUTO_INCREMENT,
  `ID_MEDPAC` int(11) DEFAULT NULL,
  `DATE` timestamp NOT NULL DEFAULT CURRENT_TIMESTAMP ON UPDATE CURRENT_TIMESTAMP,
  `RAZON` varchar(128) COLLATE utf8_spanish_ci DEFAULT NULL,
  PRIMARY KEY (`ID_CITA`),
  KEY `ID_MEDPAC` (`ID_MEDPAC`)
) ENGINE=MyISAM AUTO_INCREMENT=56 DEFAULT CHARSET=utf8 COLLATE=utf8_spanish_ci;

-- Volcando datos para la tabla proyectoinfo2.CITAS: 22 rows
/*!40000 ALTER TABLE `CITAS` DISABLE KEYS */;
INSERT IGNORE INTO `CITAS` (`ID_CITA`, `ID_MEDPAC`, `DATE`, `RAZON`) VALUES
	(1, 1, '2017-06-10 12:00:00', 'revision'),
	(2, 1, '2017-06-13 09:30:00', 'revision'),
	(3, 1, '2017-06-15 12:00:00', 'revision'),
	(14, 3, '2017-06-13 11:00:00', 'prueba'),
	(12, 2, '2017-06-13 11:30:00', 'lolo'),
	(13, 25, '2017-06-16 09:30:00', 'prueba'),
	(15, 20, '2017-06-23 09:30:00', 'Pruebas medicas'),
	(17, 3, '2017-06-21 09:30:00', 'Pruebas'),
	(50, 26, '2017-06-15 09:00:00', '123'),
	(20, 21, '2017-06-11 10:30:00', 'Revision'),
	(49, 1, '2017-06-16 09:00:00', 'ad'),
	(33, 2, '2017-06-15 11:00:00', 'lolo'),
	(39, 3, '2017-06-13 09:00:00', 'as'),
	(41, 28, '2017-06-23 13:30:00', 'Prueba '),
	(27, 22, '2017-06-18 13:00:00', 'klsg'),
	(28, 22, '2017-06-16 10:00:00', 'prueba'),
	(29, 22, '2017-06-17 10:30:00', ''),
	(30, 2, '2017-06-15 11:30:00', 'jkdfglsj'),
	(31, 22, '2017-06-17 09:00:00', 'prueba nueva'),
	(32, 22, '2017-06-25 10:00:00', 'prueba'),
	(44, 34, '2017-06-23 14:00:00', 'dasad'),
	(53, 30, '2017-06-21 13:30:00', 'Revisión de puntos');
/*!40000 ALTER TABLE `CITAS` ENABLE KEYS */;

-- Volcando estructura para tabla proyectoinfo2.LOG_PASSWORD
CREATE TABLE IF NOT EXISTS `LOG_PASSWORD` (
  `ID_LOG` int(11) NOT NULL AUTO_INCREMENT,
  `OPERACION` varchar(50) COLLATE utf8_spanish_ci DEFAULT NULL,
  `ID_USUARIO` int(11) NOT NULL,
  `TIMESTAMP` timestamp NOT NULL DEFAULT CURRENT_TIMESTAMP ON UPDATE CURRENT_TIMESTAMP,
  `CONTRA` varchar(129) COLLATE utf8_spanish_ci DEFAULT NULL,
  KEY `ID_LOG` (`ID_LOG`)
) ENGINE=MyISAM AUTO_INCREMENT=14 DEFAULT CHARSET=utf8 COLLATE=utf8_spanish_ci;

-- Volcando datos para la tabla proyectoinfo2.LOG_PASSWORD: 12 rows
/*!40000 ALTER TABLE `LOG_PASSWORD` DISABLE KEYS */;
INSERT IGNORE INTO `LOG_PASSWORD` (`ID_LOG`, `OPERACION`, `ID_USUARIO`, `TIMESTAMP`, `CONTRA`) VALUES
	(4, 'UPDATE', 1, '2017-06-14 17:20:55', '@f5399dd56b68e82c2ca5387331c57beb7b051ed6afb8bb3f0a8070b0591b2e0496061eea7aef0a3efa6b7e1de8fd52f02e91944c263674b459143123b8aaae18'),
	(2, 'UPDATE', 1, '2017-06-14 16:56:01', '3627909a29c31381a071ec27f7c9ca97726182aed29a7ddd2e54353322cfb30abb9e3a6df2ac2c20fe23436311d678564d0c8d305930575f60e2d3d048184d79'),
	(3, 'UPDATE', 1, '2017-06-14 16:56:28', 'd404559f602eab6fd602ac7680dacbfaadd13630335e951f097af3900e9de176b6db28512f2e000b9d04fba5133e8b1c6e8df59db3a8ab9d60be4b97cc9e81db'),
	(5, 'UPDATE', 1, '2017-06-14 17:21:38', 'd404559f602eab6fd602ac7680dacbfaadd13630335e951f097af3900e9de176b6db28512f2e000b9d04fba5133e8b1c6e8df59db3a8ab9d60be4b97cc9e81db'),
	(6, 'UPDATE', 4, '2017-06-15 11:31:03', '@dd29760c89b84400770db2aad948d7794bd9b4fd5941132fe83a6276d5f54ae0bfe5c6d544f7f6675cc70af6580202559c14c767a6b311b636d08c4d358853c7'),
	(7, 'UPDATE', 4, '2017-06-15 11:31:38', 'd404559f602eab6fd602ac7680dacbfaadd13630335e951f097af3900e9de176b6db28512f2e000b9d04fba5133e8b1c6e8df59db3a8ab9d60be4b97cc9e81db'),
	(8, 'UPDATE', 1, '2017-06-15 13:51:50', '@e6c3c8b029fa0aae257691ffbd50e5e18a6fed257cd3373e7d0809d628c0febfb2c4e8016940751067b998eb80acd17c032bfb5076bcf611ebe03cb571d5e9f6'),
	(9, 'UPDATE', 1, '2017-06-15 13:52:10', 'd404559f602eab6fd602ac7680dacbfaadd13630335e951f097af3900e9de176b6db28512f2e000b9d04fba5133e8b1c6e8df59db3a8ab9d60be4b97cc9e81db'),
	(10, 'UPDATE', 4, '2017-06-15 13:52:18', '@4e42bcd74dee790284a101f9f8cbea49913a43e839b3fd127524bafc3b2c2cc505a424e2c1310e053a076eb21d8cac36c28a792b567b6292c3d5af123d295a89'),
	(11, 'UPDATE', 4, '2017-06-15 13:54:26', '@1c9e0d6325c47c634ff4eee779bfbffae37a19f699ac004cb2210e393b172dca491ffe05d8e8b5edb41feb349547a7b00b1f63eb23bae8edc232e9258cdd06ab'),
	(12, 'UPDATE', 4, '2017-06-15 13:54:41', 'd404559f602eab6fd602ac7680dacbfaadd13630335e951f097af3900e9de176b6db28512f2e000b9d04fba5133e8b1c6e8df59db3a8ab9d60be4b97cc9e81db'),
	(13, 'INSERT', 69, '2017-06-20 16:21:16', 'd1e6b11f18d33d667845f2cbd335d8dbab8bc1bf6d306a8918025964e51a8fbcb7d23ebd29a9778c8c2f32e6bc7a1b96533d0af1b31d06f3cc3af7a0a3121ef4');
/*!40000 ALTER TABLE `LOG_PASSWORD` ENABLE KEYS */;

-- Volcando estructura para tabla proyectoinfo2.MEDICO
CREATE TABLE IF NOT EXISTS `MEDICO` (
  `DNIM` varchar(11) COLLATE utf8_spanish_ci NOT NULL,
  `ID_USUARIO` int(11) NOT NULL,
  `NOMBRE` varchar(50) COLLATE utf8_spanish_ci NOT NULL,
  `APELLIDOS` varchar(50) COLLATE utf8_spanish_ci NOT NULL,
  `CLINICA` varchar(50) COLLATE utf8_spanish_ci NOT NULL,
  `EMAIL` varchar(50) COLLATE utf8_spanish_ci NOT NULL,
  PRIMARY KEY (`DNIM`),
  UNIQUE KEY `DNIM` (`DNIM`)
) ENGINE=MyISAM DEFAULT CHARSET=utf8 COLLATE=utf8_spanish_ci;

-- Volcando datos para la tabla proyectoinfo2.MEDICO: 10 rows
/*!40000 ALTER TABLE `MEDICO` DISABLE KEYS */;
INSERT IGNORE INTO `MEDICO` (`DNIM`, `ID_USUARIO`, `NOMBRE`, `APELLIDOS`, `CLINICA`, `EMAIL`) VALUES
	('18076220Z', 4, 'Jose Antonio', 'Lopez Fuentes', 'Hospital Madrid', 'pruebasslimue@gmail.com'),
	('23907621Z', 6, 'Alejandro', 'Gallego', 'Hospital Arnedo', 'pruebasslimue@gmail.com'),
	('42395871P', 13, 'Borja', 'Rodríguez Vila', 'Hospital UEM', 'pruebasslimue@gmail.com'),
	('45632198P', 11, 'Borja', 'Monsalve Piqueras', 'Hospital UEM', 'pruebasslimue@gmail.com'),
	('69696969c', 49, 'Richard', 'Linus', 'GNU', 'pruebasslimue@gmail.com'),
	('12345678L', 45, 'Manuel', 'Gómez', 'Hospital Villaviciosa', 'pruebasslimue@gmail.com'),
	('78459612L', 35, 'Mikel', 'Punset', 'Hospital Catalan', 'pruebasslimue@gmail.com'),
	('8746323X', 51, 'Richard', 'Stallman', 'GNU-Unix', 'pruebasslimue@gmail.com'),
	('69696969X', 52, 'Linus', 'Torvalds', 'GNU-Unix', 'pruebasslimue@gmail.com'),
	('123124Y', 53, 'Mariano', 'PiesLargos', 'GNU-UNIX', 'pruebasslimue@gmail.com');
/*!40000 ALTER TABLE `MEDICO` ENABLE KEYS */;

-- Volcando estructura para tabla proyectoinfo2.MEDICO_PACIENTE
CREATE TABLE IF NOT EXISTS `MEDICO_PACIENTE` (
  `ID_MEDICO_PACIENTE` int(11) NOT NULL AUTO_INCREMENT,
  `ID_UsuarioMed` int(11) NOT NULL,
  `ID_UsuarioPac` int(11) NOT NULL,
  `TRATAMIENTO` int(1) NOT NULL,
  PRIMARY KEY (`ID_MEDICO_PACIENTE`),
  KEY `ID_UsuarioPac` (`ID_UsuarioPac`),
  KEY `Medico_MedicoPaciente` (`ID_UsuarioMed`)
) ENGINE=MyISAM AUTO_INCREMENT=37 DEFAULT CHARSET=utf8 COLLATE=utf8_spanish_ci;

-- Volcando datos para la tabla proyectoinfo2.MEDICO_PACIENTE: 25 rows
/*!40000 ALTER TABLE `MEDICO_PACIENTE` DISABLE KEYS */;
INSERT IGNORE INTO `MEDICO_PACIENTE` (`ID_MEDICO_PACIENTE`, `ID_UsuarioMed`, `ID_UsuarioPac`, `TRATAMIENTO`) VALUES
	(1, 4, 1, 1),
	(2, 4, 2, 1),
	(3, 4, 3, 1),
	(4, 4, 7, 0),
	(6, 4, 16, 1),
	(8, 4, 30, 0),
	(13, 4, 36, 0),
	(14, 4, 37, 0),
	(19, 4, 42, 0),
	(22, 6, 36, 1),
	(20, 4, 43, 1),
	(21, 6, 44, 1),
	(23, 6, 37, 0),
	(24, 4, 55, 0),
	(25, 4, 56, 1),
	(26, 6, 57, 1),
	(27, 6, 58, 1),
	(28, 6, 59, 1),
	(30, 4, 61, 1),
	(31, 4, 62, 1),
	(32, 4, 63, 1),
	(33, 4, 64, 1),
	(34, 6, 42, 1),
	(35, 6, 63, 0),
	(36, 4, 69, 0);
/*!40000 ALTER TABLE `MEDICO_PACIENTE` ENABLE KEYS */;

-- Volcando estructura para tabla proyectoinfo2.PACIENTE
CREATE TABLE IF NOT EXISTS `PACIENTE` (
  `DNIP` varchar(12) COLLATE utf8_spanish_ci NOT NULL,
  `ID_USUARIO` int(11) NOT NULL,
  `NOMBRE` varchar(50) COLLATE utf8_spanish_ci NOT NULL,
  `APELLIDOS` varchar(50) COLLATE utf8_spanish_ci NOT NULL,
  `EMAIL` varchar(50) COLLATE utf8_spanish_ci NOT NULL,
  `NACIMIENTO` varchar(50) COLLATE utf8_spanish_ci NOT NULL,
  `INICIO` varchar(50) COLLATE utf8_spanish_ci NOT NULL,
  `ALTURA` double NOT NULL,
  `SEXO` char(6) COLLATE utf8_spanish_ci NOT NULL,
  `CALLE` varchar(50) COLLATE utf8_spanish_ci NOT NULL,
  `PROVINCIA` varchar(50) COLLATE utf8_spanish_ci NOT NULL,
  `LOCALIDAD` varchar(50) COLLATE utf8_spanish_ci NOT NULL,
  `CP` int(11) NOT NULL,
  `TELEFONO` int(11) NOT NULL,
  PRIMARY KEY (`DNIP`),
  UNIQUE KEY `DNIP` (`DNIP`)
) ENGINE=MyISAM DEFAULT CHARSET=utf8 COLLATE=utf8_spanish_ci;

-- Volcando datos para la tabla proyectoinfo2.PACIENTE: 22 rows
/*!40000 ALTER TABLE `PACIENTE` DISABLE KEYS */;
INSERT IGNORE INTO `PACIENTE` (`DNIP`, `ID_USUARIO`, `NOMBRE`, `APELLIDOS`, `EMAIL`, `NACIMIENTO`, `INICIO`, `ALTURA`, `SEXO`, `CALLE`, `PROVINCIA`, `LOCALIDAD`, `CP`, `TELEFONO`) VALUES
	('12345678R', 7, 'Sara', 'Garcia', 'pruebasslimue@gmail.com', '19-07-1980', '4-5-2017', 165, 'Mujer', 'Calle de la Amargura', 'Madrid', 'Villaviciosa de Odón', 28670, 695369425),
	('18076230Z', 2, 'Laura', 'Garcia', 'pruebasslimue@gmail.com', '19-07-1984', '4-5-2017', 173, 'Mujer', 'Tajo 17 D', 'Madrid', 'Villaviciosa de Odón', 28670, 639771237),
	('29073435T', 3, 'Alejandro', 'Abad Martínez', 'pruebasslimue@gmail.com', '26-01-1996', '4-5-2017', 180, 'Hombre', 'Avda Reyes Catolicos', 'La Rioja', 'Pinto', 28320, 630927162),
	('92175438F', 1, 'Alberto', 'Rodriguez', 'pruebasslimue@gmail.com', '12-02-1992', '4-5-2017', 160, 'Hombre', 'Calle falsa 123', 'Madrid', 'Pinto', 28320, 123456789),
	('47403062Q', 30, 'Sofia', 'Lopez', 'pruebasslimue@gmail.com', '27-03-1997', '4-5-2017', 160, 'M', 'Calle de prueba', 'Madrid', 'Madrid', 28690, 689399943),
	('74125896D', 37, 'Aitor', 'Menta', 'pruebasslimue@gmail.com', '18-05-1984', '4-5-2017', 195, 'H', 'Calle falsa', 'Lugo', 'Lugo', 15147, 661849558),
	('45678912G', 36, 'Maria', 'Del Carmen', 'pruebasslimue@gmail.com', '09-05-1992', '4-5-2017', 175, 'M', 'Calle Falsa', 'Madrid', 'Madrid', 15173, 981613302),
	('52369874F', 42, 'Pepito', 'de los Palotes', 'pruebasslimue@gmail.com', '11-04-1996', '4-5-2017', 175, 'H', 'Calle falsa', 'Madrid', 'Madrid', 15176, 963123659),
	('78945632P', 41, 'Bienvenida', 'Fernandez', 'pruebasslimue@gmail.com', '14-04-2017', '4-5-2017', 155, 'M', 'calle falsa', 'Coruña', 'Oleiros', 15173, 542369871),
	('456789123H', 43, 'Adrian', 'Gallego', 'pruebasslimue@gmail.com', '06-04-2000', '4-5-2017', 175, 'H', 'Calle falsa', 'Coruña', 'Oleiros', 15126, 981610040),
	('45678932N', 44, 'Maria', 'del Valle', 'pruebasslimue@gmail.com', '12-04-2000', '4-5-2017', 140, 'M', 'Calle falsa', 'Coruña', 'Oleiros', 15173, 981610040),
	('19701590C', 46, 'Richard', 'Stallman', 'pruebasslimue@gmail.com', '07-05-2017', '4-5-2017', 200, 'M', 'Calle GNU', 'Estados Unidos', 'Pinto', 28320, 666999666),
	('456123789L', 55, 'Aitana', 'dos Santos', 'pruebasslimue@gmail.com', '19-05-1999', '4-5-2017', 175, 'M', 'Calatayud', 'Coruña', 'Oleiros', 15173, 981610040),
	('123456897F', 56, 'Paula', 'Etchevarria', 'pruebasslimue@gmail.com', '14-05-2013', '4-5-2017', 175, 'M', 'Falso', 'Lugo', 'Lugo', 15173, 981610040),
	('789123456G', 57, 'Giselle', 'Garcia', 'pruebasslimue@gmail.com', '05-05-2014', '4-5-2017', 175, 'M', 'Buena Vista', 'Murcia', 'Murcia', 12345, 987654321),
	('98765432L', 58, 'Gerardo', 'Rodriguez', 'pruebasslimue@gmail.com', '06-05-2014', '4-5-2017', 125, 'M', 'Avenida False 25  ', 'Lleida', 'Lleida', 12345, 987654321),
	('12345689F', 59, 'Eduardo', 'Curzi', 'pruebasslimue@gmail.com', '14-05-2013', '4-5-2017', 125, 'H', 'Avenida Falsa 56  ', 'Coruña', 'Oleiros', 45678, 987654123),
	('12345789A', 61, 'Marina', 'González', 'pruebasslimue@gmail.com', '01-05-1990', '12-5-2017', 15, 'M', 'Calle test 2 2 2', 'testing', 'testeo', 22222, 666999666),
	('123456778', 62, 'Gabriel', 'Mendoza', 'pruebasslimue@gmail.com', '11-05-1990', '12-5-2017', 10, 'M', 'Calle aaa 2 2 2', 'aaa', 'sss', 28321, 638084103),
	('A123456789', 63, 'Ignacio', 'Sánchez', 'pruebasslimue@gmail.com', '13-05-1990', '12-5-2017', 15, 'M', 'Avenida testas 1 2 3', 'madriz', 'madrizz', 66666, 123456789),
	('123456789B', 64, 'Rubén', 'Martínez', 'pruebasslimue@gmail.com', '02-05-1990', '12-5-2017', 15, 'M', 'Avenida alalal 1 1 1', 'papa', 'pepe', 23490, 123456789),
	('125478963L', 69, 'Miguel', 'Vazquez', 'pruebasslimue@gmail.com', '06-05-1997', '20-5-2017', 170, 'H', 'Avenida falsa 15  ', 'A Coruña', 'Oleiros', 15173, 981610040);
/*!40000 ALTER TABLE `PACIENTE` ENABLE KEYS */;

-- Volcando estructura para tabla proyectoinfo2.PASS
CREATE TABLE IF NOT EXISTS `PASS` (
  `ID` int(11) NOT NULL AUTO_INCREMENT,
  `ID_USUARIO` int(11) NOT NULL,
  `CONTRA` varchar(129) COLLATE utf8_spanish_ci NOT NULL,
  PRIMARY KEY (`ID`),
  UNIQUE KEY `ID` (`ID`)
) ENGINE=MyISAM AUTO_INCREMENT=53 DEFAULT CHARSET=utf8 COLLATE=utf8_spanish_ci;

-- Volcando datos para la tabla proyectoinfo2.PASS: 44 rows
/*!40000 ALTER TABLE `PASS` DISABLE KEYS */;
INSERT IGNORE INTO `PASS` (`ID`, `ID_USUARIO`, `CONTRA`) VALUES
	(1, 1, 'd404559f602eab6fd602ac7680dacbfaadd13630335e951f097af3900e9de176b6db28512f2e000b9d04fba5133e8b1c6e8df59db3a8ab9d60be4b97cc9e81db'),
	(2, 2, 'd404559f602eab6fd602ac7680dacbfaadd13630335e951f097af3900e9de176b6db28512f2e000b9d04fba5133e8b1c6e8df59db3a8ab9d60be4b97cc9e81db'),
	(3, 3, 'd404559f602eab6fd602ac7680dacbfaadd13630335e951f097af3900e9de176b6db28512f2e000b9d04fba5133e8b1c6e8df59db3a8ab9d60be4b97cc9e81db'),
	(4, 4, 'd404559f602eab6fd602ac7680dacbfaadd13630335e951f097af3900e9de176b6db28512f2e000b9d04fba5133e8b1c6e8df59db3a8ab9d60be4b97cc9e81db'),
	(5, 5, 'd404559f602eab6fd602ac7680dacbfaadd13630335e951f097af3900e9de176b6db28512f2e000b9d04fba5133e8b1c6e8df59db3a8ab9d60be4b97cc9e81db'),
	(6, 6, 'd404559f602eab6fd602ac7680dacbfaadd13630335e951f097af3900e9de176b6db28512f2e000b9d04fba5133e8b1c6e8df59db3a8ab9d60be4b97cc9e81db'),
	(7, 7, 'd404559f602eab6fd602ac7680dacbfaadd13630335e951f097af3900e9de176b6db28512f2e000b9d04fba5133e8b1c6e8df59db3a8ab9d60be4b97cc9e81db'),
	(9, 9, 'd404559f602eab6fd602ac7680dacbfaadd13630335e951f097af3900e9de176b6db28512f2e000b9d04fba5133e8b1c6e8df59db3a8ab9d60be4b97cc9e81db'),
	(10, 10, 'd404559f602eab6fd602ac7680dacbfaadd13630335e951f097af3900e9de176b6db28512f2e000b9d04fba5133e8b1c6e8df59db3a8ab9d60be4b97cc9e81db'),
	(11, 11, 'd404559f602eab6fd602ac7680dacbfaadd13630335e951f097af3900e9de176b6db28512f2e000b9d04fba5133e8b1c6e8df59db3a8ab9d60be4b97cc9e81db'),
	(12, 13, 'd404559f602eab6fd602ac7680dacbfaadd13630335e951f097af3900e9de176b6db28512f2e000b9d04fba5133e8b1c6e8df59db3a8ab9d60be4b97cc9e81db'),
	(13, 30, 'd404559f602eab6fd602ac7680dacbfaadd13630335e951f097af3900e9de176b6db28512f2e000b9d04fba5133e8b1c6e8df59db3a8ab9d60be4b97cc9e81db'),
	(18, 36, 'd404559f602eab6fd602ac7680dacbfaadd13630335e951f097af3900e9de176b6db28512f2e000b9d04fba5133e8b1c6e8df59db3a8ab9d60be4b97cc9e81db'),
	(17, 35, 'd404559f602eab6fd602ac7680dacbfaadd13630335e951f097af3900e9de176b6db28512f2e000b9d04fba5133e8b1c6e8df59db3a8ab9d60be4b97cc9e81db'),
	(19, 37, 'd404559f602eab6fd602ac7680dacbfaadd13630335e951f097af3900e9de176b6db28512f2e000b9d04fba5133e8b1c6e8df59db3a8ab9d60be4b97cc9e81db'),
	(23, 41, 'd404559f602eab6fd602ac7680dacbfaadd13630335e951f097af3900e9de176b6db28512f2e000b9d04fba5133e8b1c6e8df59db3a8ab9d60be4b97cc9e81db'),
	(24, 42, 'd404559f602eab6fd602ac7680dacbfaadd13630335e951f097af3900e9de176b6db28512f2e000b9d04fba5133e8b1c6e8df59db3a8ab9d60be4b97cc9e81db'),
	(25, 43, 'd404559f602eab6fd602ac7680dacbfaadd13630335e951f097af3900e9de176b6db28512f2e000b9d04fba5133e8b1c6e8df59db3a8ab9d60be4b97cc9e81db'),
	(26, 44, 'd404559f602eab6fd602ac7680dacbfaadd13630335e951f097af3900e9de176b6db28512f2e000b9d04fba5133e8b1c6e8df59db3a8ab9d60be4b97cc9e81db'),
	(27, 45, 'd404559f602eab6fd602ac7680dacbfaadd13630335e951f097af3900e9de176b6db28512f2e000b9d04fba5133e8b1c6e8df59db3a8ab9d60be4b97cc9e81db'),
	(28, 8, 'd404559f602eab6fd602ac7680dacbfaadd13630335e951f097af3900e9de176b6db28512f2e000b9d04fba5133e8b1c6e8df59db3a8ab9d60be4b97cc9e81db'),
	(29, 46, 'd404559f602eab6fd602ac7680dacbfaadd13630335e951f097af3900e9de176b6db28512f2e000b9d04fba5133e8b1c6e8df59db3a8ab9d60be4b97cc9e81db'),
	(30, 47, 'd404559f602eab6fd602ac7680dacbfaadd13630335e951f097af3900e9de176b6db28512f2e000b9d04fba5133e8b1c6e8df59db3a8ab9d60be4b97cc9e81db'),
	(31, 48, 'd404559f602eab6fd602ac7680dacbfaadd13630335e951f097af3900e9de176b6db28512f2e000b9d04fba5133e8b1c6e8df59db3a8ab9d60be4b97cc9e81db'),
	(32, 49, 'd404559f602eab6fd602ac7680dacbfaadd13630335e951f097af3900e9de176b6db28512f2e000b9d04fba5133e8b1c6e8df59db3a8ab9d60be4b97cc9e81db'),
	(33, 50, 'd404559f602eab6fd602ac7680dacbfaadd13630335e951f097af3900e9de176b6db28512f2e000b9d04fba5133e8b1c6e8df59db3a8ab9d60be4b97cc9e81db'),
	(34, 51, 'd404559f602eab6fd602ac7680dacbfaadd13630335e951f097af3900e9de176b6db28512f2e000b9d04fba5133e8b1c6e8df59db3a8ab9d60be4b97cc9e81db'),
	(35, 52, 'd404559f602eab6fd602ac7680dacbfaadd13630335e951f097af3900e9de176b6db28512f2e000b9d04fba5133e8b1c6e8df59db3a8ab9d60be4b97cc9e81db'),
	(36, 53, 'd404559f602eab6fd602ac7680dacbfaadd13630335e951f097af3900e9de176b6db28512f2e000b9d04fba5133e8b1c6e8df59db3a8ab9d60be4b97cc9e81db'),
	(38, 55, 'd404559f602eab6fd602ac7680dacbfaadd13630335e951f097af3900e9de176b6db28512f2e000b9d04fba5133e8b1c6e8df59db3a8ab9d60be4b97cc9e81db'),
	(39, 56, 'd404559f602eab6fd602ac7680dacbfaadd13630335e951f097af3900e9de176b6db28512f2e000b9d04fba5133e8b1c6e8df59db3a8ab9d60be4b97cc9e81db'),
	(40, 57, 'd404559f602eab6fd602ac7680dacbfaadd13630335e951f097af3900e9de176b6db28512f2e000b9d04fba5133e8b1c6e8df59db3a8ab9d60be4b97cc9e81db'),
	(41, 58, 'd404559f602eab6fd602ac7680dacbfaadd13630335e951f097af3900e9de176b6db28512f2e000b9d04fba5133e8b1c6e8df59db3a8ab9d60be4b97cc9e81db'),
	(42, 59, 'd404559f602eab6fd602ac7680dacbfaadd13630335e951f097af3900e9de176b6db28512f2e000b9d04fba5133e8b1c6e8df59db3a8ab9d60be4b97cc9e81db'),
	(43, 60, 'd404559f602eab6fd602ac7680dacbfaadd13630335e951f097af3900e9de176b6db28512f2e000b9d04fba5133e8b1c6e8df59db3a8ab9d60be4b97cc9e81db'),
	(44, 61, 'd404559f602eab6fd602ac7680dacbfaadd13630335e951f097af3900e9de176b6db28512f2e000b9d04fba5133e8b1c6e8df59db3a8ab9d60be4b97cc9e81db'),
	(45, 62, 'd404559f602eab6fd602ac7680dacbfaadd13630335e951f097af3900e9de176b6db28512f2e000b9d04fba5133e8b1c6e8df59db3a8ab9d60be4b97cc9e81db'),
	(46, 63, 'd404559f602eab6fd602ac7680dacbfaadd13630335e951f097af3900e9de176b6db28512f2e000b9d04fba5133e8b1c6e8df59db3a8ab9d60be4b97cc9e81db'),
	(47, 64, 'd404559f602eab6fd602ac7680dacbfaadd13630335e951f097af3900e9de176b6db28512f2e000b9d04fba5133e8b1c6e8df59db3a8ab9d60be4b97cc9e81db'),
	(48, 65, 'd404559f602eab6fd602ac7680dacbfaadd13630335e951f097af3900e9de176b6db28512f2e000b9d04fba5133e8b1c6e8df59db3a8ab9d60be4b97cc9e81db'),
	(49, 66, 'd404559f602eab6fd602ac7680dacbfaadd13630335e951f097af3900e9de176b6db28512f2e000b9d04fba5133e8b1c6e8df59db3a8ab9d60be4b97cc9e81db'),
	(50, 67, 'd404559f602eab6fd602ac7680dacbfaadd13630335e951f097af3900e9de176b6db28512f2e000b9d04fba5133e8b1c6e8df59db3a8ab9d60be4b97cc9e81db'),
	(51, 68, 'd404559f602eab6fd602ac7680dacbfaadd13630335e951f097af3900e9de176b6db28512f2e000b9d04fba5133e8b1c6e8df59db3a8ab9d60be4b97cc9e81db'),
	(52, 69, 'd1e6b11f18d33d667845f2cbd335d8dbab8bc1bf6d306a8918025964e51a8fbcb7d23ebd29a9778c8c2f32e6bc7a1b96533d0af1b31d06f3cc3af7a0a3121ef4');
/*!40000 ALTER TABLE `PASS` ENABLE KEYS */;

-- Volcando estructura para tabla proyectoinfo2.REGISTRO
CREATE TABLE IF NOT EXISTS `REGISTRO` (
  `ID_SESIONES` int(11) NOT NULL,
  `TIME` varchar(50) COLLATE utf8_spanish_ci NOT NULL,
  `LATITUDE` float NOT NULL,
  `LONGITUDE` float NOT NULL,
  `ALTITUDE` float NOT NULL,
  `SPEED` float NOT NULL,
  `DISTANCE` float NOT NULL,
  `PULSACIONES` int(11) NOT NULL,
  `SpO2` int(11) NOT NULL,
  KEY `ID_SESIONES` (`ID_SESIONES`)
) ENGINE=MyISAM DEFAULT CHARSET=utf8 COLLATE=utf8_spanish_ci;

-- Volcando datos para la tabla proyectoinfo2.REGISTRO: 575 rows
/*!40000 ALTER TABLE `REGISTRO` DISABLE KEYS */;
INSERT IGNORE INTO `REGISTRO` (`ID_SESIONES`, `TIME`, `LATITUDE`, `LONGITUDE`, `ALTITUDE`, `SPEED`, `DISTANCE`, `PULSACIONES`, `SpO2`) VALUES
	(1, '13:26:21', 40.3732, -3.91955, 692, 0, 0, 86, 98),
	(1, '13:26:30', 40.3732, -3.91968, 692, 4.4, 0.011, 86, 98),
	(1, '13:26:39', 40.3732, -3.91981, 694, 4.3, 0.022, 86, 98),
	(1, '13:26:47', 40.3733, -3.91993, 691, 4.9, 0.033, 86, 98),
	(1, '13:26:54', 40.3733, -3.92004, 692, 5.5, 0.043, 86, 98),
	(1, '13:27:02', 40.3734, -3.92014, 693, 4.8, 0.054, 86, 98),
	(1, '13:27:09', 40.3734, -3.92025, 696, 5.3, 0.064, 86, 98),
	(1, '13:27:17', 40.3735, -3.92032, 695, 5, 0.075, 86, 98),
	(1, '13:27:25', 40.3736, -3.92036, 696, 4.8, 0.086, 86, 98),
	(1, '13:27:34', 40.3737, -3.92042, 694, 4.6, 0.097, 86, 98),
	(1, '13:27:46', 40.3738, -3.92045, 690, 3.4, 0.109, 86, 98),
	(1, '13:27:52', 40.3739, -3.92044, 691, 7.1, 0.121, 86, 98),
	(1, '13:28:00', 40.374, -3.92044, 693, 4.7, 0.131, 86, 98),
	(1, '13:28:09', 40.3741, -3.92048, 689, 4.5, 0.143, 86, 98),
	(1, '13:28:17', 40.3742, -3.92052, 689, 4.8, 0.153, 86, 98),
	(1, '13:28:26', 40.3742, -3.92059, 689, 4.2, 0.164, 86, 98),
	(1, '13:28:38', 40.3743, -3.92064, 687, 3, 0.174, 86, 98),
	(1, '13:28:46', 40.3744, -3.92068, 688, 5.1, 0.185, 86, 98),
	(1, '13:28:51', 40.3745, -3.92068, 691, 7.9, 0.196, 86, 98),
	(1, '13:29:00', 40.3746, -3.92069, 692, 4.6, 0.208, 86, 98),
	(1, '13:29:08', 40.3747, -3.92072, 693, 4.5, 0.218, 86, 98),
	(1, '13:29:23', 40.3747, -3.92084, 694, 2.6, 0.228, 86, 98),
	(1, '13:29:33', 40.3747, -3.92095, 693, 4, 0.24, 86, 98),
	(1, '13:29:43', 40.3746, -3.92106, 692, 3.9, 0.251, 86, 98),
	(1, '13:29:52', 40.3746, -3.92117, 695, 4.5, 0.262, 86, 98),
	(1, '13:30:01', 40.3746, -3.9213, 692, 4.2, 0.272, 86, 98),
	(1, '13:30:10', 40.3746, -3.92142, 693, 4.3, 0.283, 86, 98),
	(2, '11:29:30', 42.2249, -2.10421, 200, 5, 0, 80, 100),
	(2, '11:29:35', 42.225, -2.10392, 210, 5, 0.011, 80, 100),
	(2, '11:29:40', 42.2251, -2.10362, 220, 5, 0.022, 80, 100),
	(2, '11:29:45', 42.2252, -2.10322, 230, 5, 0.033, 80, 100),
	(2, '11:29:50', 42.225, -2.10305, 240, 5, 0.043, 80, 100),
	(2, '11:29:55', 42.2249, -2.10292, 250, 5, 0.054, 80, 100),
	(2, '11:30:00', 42.225, -2.10262, 260, 5, 0.064, 80, 100),
	(2, '11:30:05', 42.2251, -2.10228, 270, 5, 0.075, 80, 100),
	(2, '11:30:10', 42.2252, -2.10191, 280, 5, 0.086, 80, 100),
	(2, '11:30:15', 42.2253, -2.10153, 290, 5, 0.097, 85, 100),
	(2, '11:30:20', 42.2254, -2.10124, 300, 5, 0.109, 85, 100),
	(2, '11:30:25', 42.2255, -2.10094, 310, 5, 0.121, 85, 100),
	(2, '11:30:30', 42.2253, -2.10076, 310, 5, 0.131, 85, 100),
	(2, '11:30:35', 42.2251, -2.10065, 310, 5, 0.143, 85, 100),
	(2, '11:30:40', 42.2249, -2.10048, 320, 5, 0.153, 85, 100),
	(2, '11:30:45', 42.225, -2.09982, 310, 5, 0.164, 85, 100),
	(2, '11:30:50', 42.2254, -2.09902, 300, 5, 0.174, 90, 100),
	(2, '11:30:55', 42.2257, -2.09829, 300, 5, 0.185, 90, 100),
	(2, '11:31:00', 42.2261, -2.09752, 300, 5, 0.196, 90, 100),
	(2, '11:31:05', 42.2263, -2.09683, 300, 5, 0.208, 90, 100),
	(2, '11:31:10', 42.226, -2.09656, 290, 5, 0.218, 90, 100),
	(2, '11:31:15', 42.2256, -2.09622, 280, 5, 0.228, 90, 100),
	(2, '11:31:20', 42.2254, -2.09598, 270, 5, 0.24, 100, 100),
	(2, '11:31:25', 42.2258, -2.09557, 260, 5, 0.251, 100, 100),
	(2, '11:31:30', 42.2261, -2.09584, 250, 5, 0.262, 100, 100),
	(2, '11:31:35', 42.2265, -2.0961, 240, 5, 0.272, 100, 100),
	(2, '11:31:40', 42.2267, -2.09634, 230, 5, 0.283, 100, 100),
	(2, '11:31:45', 42.227, -2.09549, 220, 5, 0.29, 100, 100),
	(2, '11:31:50', 42.2275, -2.09576, 210, 5, 0.3, 120, 100),
	(2, '11:31:55', 42.2279, -2.09607, 200, 5, 0.31, 130, 100),
	(2, '11:32:00', 42.2278, -2.09651, 190, 5, 0.32, 135, 100),
	(2, '11:32:05', 42.2279, -2.0975, 180, 5, 0.325, 140, 100),
	(2, '11:32:10', 42.2279, -2.09817, 170, 5, 0.33, 145, 100),
	(3, '09:05:23', -33.8905, 151.275, 10, 30, 12, 110, 90),
	(3, '10:05:23', -33.923, 151.259, 100, 40, 120, 120, 91),
	(3, '11:05:23', -34.0282, 151.158, 300, 45, 300, 130, 96),
	(3, '12:05:23', -33.8001, 151.287, 1200, 40, 500, 160, 97),
	(3, '13:05:23', -33.9502, 151.259, 30, 70, 800, 100, 100),
	(7, '13:33:57', 40.3724, -3.92038, 691, 2.6, 0.557, 85, 97),
	(7, '13:33:41', 40.3725, -3.92041, 692, 4.8, 0.545, 85, 97),
	(7, '13:33:33', 40.3726, -3.92041, 689, 4, 0.535, 85, 97),
	(7, '13:33:22', 40.3727, -3.92046, 690, 4.8, 0.522, 85, 97),
	(7, '13:33:14', 40.3728, -3.92056, 690, 3.7, 0.512, 85, 97),
	(7, '13:33:04', 40.3728, -3.92064, 692, 3.8, 0.501, 85, 97),
	(7, '13:32:54', 40.3729, -3.9207, 691, 4.8, 0.491, 85, 97),
	(7, '13:32:46', 40.373, -3.92074, 691, 3.5, 0.48, 85, 97),
	(7, '13:32:35', 40.3731, -3.92075, 693, 3.6, 0.47, 85, 97),
	(7, '13:32:23', 40.3732, -3.92081, 695, 4, 0.457, 85, 97),
	(7, '13:32:12', 40.3733, -3.92089, 697, 9.8, 0.445, 85, 97),
	(7, '13:32:08', 40.3734, -3.92094, 700, 5.6, 0.434, 83, 97),
	(7, '13:32:00', 40.3734, -3.92106, 699, 3.4, 0.422, 83, 97),
	(7, '13:31:49', 40.3735, -3.92114, 701, 4.6, 0.411, 83, 97),
	(7, '13:31:41', 40.3736, -3.92121, 702, 5.1, 0.401, 83, 97),
	(7, '13:31:33', 40.3737, -3.92128, 699, 5.8, 0.39, 83, 97),
	(7, '13:31:26', 40.3738, -3.92131, 697, 5.3, 0.378, 83, 97),
	(7, '13:31:19', 40.3739, -3.92136, 699, 3.9, 0.368, 83, 97),
	(7, '13:31:08', 40.374, -3.92142, 695, 5.3, 0.356, 83, 98),
	(7, '13:31:01', 40.3741, -3.92146, 695, 4.2, 0.346, 83, 98),
	(7, '13:30:52', 40.3741, -3.9215, 695, 4.2, 0.335, 83, 98),
	(7, '13:30:43', 40.3742, -3.92153, 696, 3.7, 0.325, 83, 98),
	(7, '13:30:33', 40.3743, -3.92154, 697, 4.6, 0.315, 80, 98),
	(7, '13:30:25', 40.3744, -3.92156, 697, 4.8, 0.305, 80, 98),
	(7, '13:30:17', 40.3745, -3.92149, 693, 5.5, 0.294, 80, 98),
	(7, '13:30:10', 40.3746, -3.92142, 693, 4.3, 0.283, 80, 98),
	(7, '13:30:01', 40.3746, -3.9213, 692, 4.2, 0.272, 80, 98),
	(7, '13:29:52', 40.3746, -3.92117, 695, 4.5, 0.262, 80, 98),
	(7, '13:29:43', 40.3746, -3.92106, 692, 3.9, 0.251, 80, 98),
	(7, '13:29:33', 40.3747, -3.92095, 693, 4, 0.24, 80, 98),
	(7, '13:29:23', 40.3747, -3.92084, 694, 2.6, 0.228, 80, 98),
	(7, '13:29:08', 40.3747, -3.92072, 693, 4.5, 0.218, 80, 98),
	(7, '13:29:00', 40.3746, -3.92069, 692, 4.6, 0.208, 80, 98),
	(7, '13:28:51', 40.3745, -3.92068, 691, 7.9, 0.196, 76, 98),
	(7, '13:28:46', 40.3744, -3.92068, 688, 5.1, 0.185, 76, 98),
	(7, '13:28:38', 40.3743, -3.92064, 687, 3, 0.174, 76, 98),
	(7, '13:28:26', 40.3742, -3.92059, 689, 4.2, 0.164, 76, 98),
	(7, '13:28:17', 40.3742, -3.92052, 689, 4.8, 0.153, 76, 98),
	(7, '13:28:09', 40.3741, -3.92048, 689, 4.5, 0.143, 76, 98),
	(7, '13:28:00', 40.374, -3.92044, 693, 4.7, 0.131, 76, 98),
	(7, '13:27:52', 40.3739, -3.92044, 691, 7.1, 0.121, 76, 98),
	(7, '13:27:46', 40.3738, -3.92045, 690, 3.4, 0.109, 76, 98),
	(7, '13:27:34', 40.3737, -3.92042, 694, 4.6, 0.097, 76, 98),
	(7, '13:27:25', 40.3736, -3.92036, 696, 4.8, 0.086, 76, 98),
	(7, '13:27:17', 40.3735, -3.92032, 695, 5, 0.075, 76, 98),
	(7, '13:27:09', 40.3734, -3.92025, 696, 5.3, 0.064, 76, 98),
	(7, '13:27:02', 40.3734, -3.92014, 693, 4.8, 0.054, 76, 98),
	(7, '13:26:54', 40.3733, -3.92004, 692, 5.5, 0.043, 75, 98),
	(7, '13:26:47', 40.3733, -39.1993, 691, 4.9, 0.033, 72, 98),
	(7, '13:26:39', 40.3732, -39.1981, 694, 4.3, 0.022, 72, 98),
	(7, '13:26:30', 40.3732, -39.1968, 692, 4.4, 0.011, 72, 98),
	(7, '13:26:21', 40.3732, -39.1955, 692, 0, 0, 72, 98),
	(7, '13:34:03', 40.3723, -3.92036, 690, 6.2, 0.567, 87, 96),
	(7, '13:34:16', 40.3722, -3.9203, 689, 3.1, 0.578, 87, 96),
	(7, '13:34:24', 40.3721, -3.92024, 686, 4.9, 0.589, 87, 96),
	(7, '13:34:33', 40.372, -3.9202, 686, 4.5, 0.601, 87, 96),
	(7, '13:34:43', 40.3719, -3.92015, 686, 3.9, 0.612, 87, 96),
	(7, '13:34:51', 40.3718, -3.92008, 685, 5.7, 0.624, 87, 96),
	(7, '13:34:57', 40.3717, -3.92005, 684, 7.6, 0.637, 87, 96),
	(7, '13:35:07', 40.3716, -3.92001, 683, 4.4, 0.649, 87, 96),
	(7, '13:35:19', 40.3715, -3.91997, 683, 3.2, 0.66, 87, 96),
	(7, '13:35:27', 40.3714, -3.9199, 682, 4.8, 0.671, 89, 96),
	(7, '13:35:39', 40.3713, -3.91987, 678, 3.6, 0.683, 89, 96),
	(7, '13:35:52', 40.3713, -3.91981, 680, 2.9, 0.693, 89, 96),
	(7, '13:35:58', 40.3712, -3.91974, 681, 6.9, 0.705, 89, 96),
	(7, '13:36:05', 40.3711, -3.91971, 682, 5.7, 0.716, 89, 96),
	(7, '13:36:13', 40.371, -3.91964, 683, 4.7, 0.726, 89, 96),
	(7, '13:36:19', 40.3709, -3.91953, 682, 6.4, 0.737, 89, 96),
	(7, '13:36:27', 40.371, -3.91939, 683, 5.3, 0.749, 89, 96),
	(7, '13:36:36', 40.371, -3.91926, 682, 4.6, 0.76, 89, 96),
	(7, '13:36:43', 40.371, -3.91914, 684, 5.6, 0.771, 89, 96),
	(7, '13:36:51', 40.3711, -3.91903, 684, 4.6, 0.781, 89, 96),
	(7, '13:37:00', 40.3711, -3.91891, 684, 4.4, 0.793, 89, 96),
	(7, '13:37:09', 40.3712, -3.91891, 683, 4, 0.803, 89, 96),
	(7, '13:37:17', 40.3713, -3.91893, 683, 5, 0.814, 89, 96),
	(7, '13:37:27', 40.3714, -3.91894, 682, 3.7, 0.824, 89, 96),
	(7, '13:37:34', 40.3715, -3.91894, 683, 5.3, 0.834, 89, 96),
	(7, '13:37:46', 40.3716, -3.91893, 679, 3.2, 0.845, 89, 96),
	(7, '13:37:52', 40.3717, -3.91892, 678, 6.1, 0.855, 89, 96),
	(7, '13:38:00', 40.3717, -3.91893, 680, 4.8, 0.866, 91, 96),
	(7, '13:38:07', 40.3718, -3.91896, 683, 5.4, 0.876, 91, 96),
	(7, '13:38:22', 40.3719, -3.91898, 678, 2.7, 0.887, 91, 96),
	(7, '13:38:31', 40.3721, -3.91893, 682, 5, 0.9, 91, 96),
	(7, '13:38:41', 40.3721, -3.91887, 681, 3.8, 0.91, 91, 96),
	(7, '13:38:47', 40.3722, -3.91878, 682, 6.2, 0.921, 91, 96),
	(7, '13:38:55', 40.3723, -3.91869, 682, 4.8, 0.931, 91, 96),
	(7, '13:39:02', 40.3723, -3.91858, 683, 5.6, 0.942, 91, 96),
	(7, '13:39:10', 40.3723, -3.91846, 682, 4.7, 0.953, 91, 96),
	(7, '13:39:20', 40.3724, -3.91835, 681, 3.7, 0.963, 91, 96),
	(7, '13:39:30', 40.3724, -3.91824, 677, 4.1, 0.974, 91, 96),
	(7, '13:39:38', 40.3725, -3.91813, 680, 4.7, 0.985, 91, 96),
	(7, '13:39:52', 40.3725, -3.91824, 676, 2.8, 0.996, 91, 96),
	(7, '13:40:02', 40.3726, -3.91834, 679, 4, 1.007, 91, 96),
	(7, '13:40:11', 40.3727, -3.91841, 685, 4.7, 1.018, 92, 96),
	(7, '13:40:19', 40.3727, -3.9185, 683, 4.9, 1.029, 92, 96),
	(7, '13:40:26', 40.3728, -3.91862, 686, 5.6, 1.04, 92, 96),
	(7, '13:40:35', 40.3727, -3.91875, 688, 4.5, 1.052, 92, 96),
	(7, '13:40:44', 40.3727, -3.91887, 689, 4.4, 1.063, 92, 96),
	(7, '13:40:52', 40.3727, -3.91897, 692, 4.5, 1.073, 92, 96),
	(7, '13:41:00', 40.3727, -3.91911, 694, 5.4, 1.084, 92, 96),
	(7, '13:41:07', 40.3727, -3.91923, 694, 5.6, 1.095, 92, 96),
	(7, '13:41:14', 40.3727, -3.91935, 694, 5.6, 1.106, 92, 96),
	(8, '13:33:41', 40.3725, -3.92041, 692, 4.8, 0.545, 85, 97),
	(8, '13:33:33', 40.3726, -3.92041, 689, 4, 0.535, 85, 97),
	(8, '13:33:22', 40.3727, -3.92046, 690, 4.8, 0.522, 85, 97),
	(8, '13:33:14', 40.3728, -3.92056, 690, 3.7, 0.512, 85, 97),
	(8, '13:33:04', 40.3728, -3.92064, 692, 3.8, 0.501, 85, 97),
	(8, '13:32:54', 40.3729, -3.9207, 691, 4.8, 0.491, 85, 97),
	(8, '13:32:46', 40.373, -3.92074, 691, 3.5, 0.48, 85, 97),
	(8, '13:32:35', 40.3731, -3.92075, 693, 3.6, 0.47, 85, 97),
	(8, '13:32:23', 40.3732, -3.92081, 695, 4, 0.457, 85, 97),
	(8, '13:32:12', 40.3733, -3.92089, 697, 9.8, 0.445, 85, 97),
	(8, '13:32:08', 40.3734, -3.92094, 700, 5.6, 0.434, 83, 97),
	(8, '13:32:00', 40.3734, -3.92106, 699, 3.4, 0.422, 83, 97),
	(8, '13:31:49', 40.3735, -3.92114, 701, 4.6, 0.411, 83, 97),
	(8, '13:31:41', 40.3736, -3.92121, 702, 5.1, 0.401, 83, 97),
	(8, '13:31:33', 40.3737, -3.92128, 699, 5.8, 0.39, 83, 97),
	(8, '13:31:26', 40.3738, -3.92131, 697, 5.3, 0.378, 83, 97),
	(8, '13:31:19', 40.3739, -3.92136, 699, 3.9, 0.368, 83, 97),
	(8, '13:31:08', 40.374, -3.92142, 695, 5.3, 0.356, 83, 98),
	(8, '13:31:01', 40.3741, -3.92146, 695, 4.2, 0.346, 83, 98),
	(8, '13:30:52', 40.3741, -3.9215, 695, 4.2, 0.335, 83, 98),
	(8, '13:30:43', 40.3742, -3.92153, 696, 3.7, 0.325, 83, 98),
	(8, '13:30:33', 40.3743, -3.92154, 697, 4.6, 0.315, 80, 98),
	(8, '13:30:25', 40.3744, -3.92156, 697, 4.8, 0.305, 80, 98),
	(8, '13:30:17', 40.3745, -3.92149, 693, 5.5, 0.294, 80, 98),
	(8, '13:30:10', 40.3746, -3.92142, 693, 4.3, 0.283, 80, 98),
	(8, '13:30:01', 40.3746, -3.9213, 692, 4.2, 0.272, 80, 98),
	(8, '13:29:52', 40.3746, -3.92117, 695, 4.5, 0.262, 80, 98),
	(8, '13:29:43', 40.3746, -3.92106, 692, 3.9, 0.251, 80, 98),
	(8, '13:29:33', 40.3747, -3.92095, 693, 4, 0.24, 80, 98),
	(8, '13:29:23', 40.3747, -3.92084, 694, 2.6, 0.228, 80, 98),
	(8, '13:29:08', 40.3747, -3.92072, 693, 4.5, 0.218, 80, 98),
	(8, '13:29:00', 40.3746, -3.92069, 692, 4.6, 0.208, 80, 98),
	(8, '13:28:51', 40.3745, -3.92068, 691, 7.9, 0.196, 76, 98),
	(8, '13:28:46', 40.3744, -3.92068, 688, 5.1, 0.185, 76, 98),
	(8, '13:28:38', 40.3743, -3.92064, 687, 3, 0.174, 76, 98),
	(8, '13:28:26', 40.3742, -3.92059, 689, 4.2, 0.164, 76, 98),
	(8, '13:28:17', 40.3742, -3.92052, 689, 4.8, 0.153, 76, 98),
	(8, '13:28:09', 40.3741, -3.92048, 689, 4.5, 0.143, 76, 98),
	(8, '13:28:00', 40.374, -3.92044, 693, 4.7, 0.131, 76, 98),
	(8, '13:27:52', 40.3739, -3.92044, 691, 7.1, 0.121, 76, 98),
	(8, '13:27:46', 40.3738, -3.92045, 690, 3.4, 0.109, 76, 98),
	(8, '13:27:34', 40.3737, -3.92042, 694, 4.6, 0.097, 76, 98),
	(8, '13:27:25', 40.3736, -3.92036, 696, 4.8, 0.086, 76, 98),
	(8, '13:27:17', 40.3735, -3.92032, 695, 5, 0.075, 76, 98),
	(8, '13:27:09', 40.3734, -3.92025, 696, 5.3, 0.064, 76, 98),
	(8, '13:27:02', 40.3734, -3.92014, 693, 4.8, 0.054, 76, 98),
	(8, '13:26:54', 40.3733, -3.92004, 692, 5.5, 0.043, 75, 98),
	(8, '13:26:47', 40.3733, -39.1993, 691, 4.9, 0.033, 72, 98),
	(8, '13:26:39', 40.3732, -39.1981, 694, 4.3, 0.022, 72, 98),
	(8, '13:26:30', 40.3732, -39.1968, 692, 4.4, 0.011, 72, 98),
	(8, '13:26:21', 40.3732, -39.1955, 692, 0, 0, 72, 98),
	(15, '13:41:14', 40.3727, -3.91935, 694, 5.6, 1.106, 92, 96),
	(11, '13:41:14', 40.3727, -3.91935, 694, 5.6, 1.106, 92, 96),
	(11, '13:41:07', 40.3727, -3.91923, 694, 5.6, 1.095, 92, 96),
	(11, '13:41:00', 40.3727, -3.91911, 694, 5.4, 1.084, 92, 96),
	(11, '13:40:52', 40.3727, -3.91897, 692, 4.5, 1.073, 92, 96),
	(11, '13:40:44', 40.3727, -3.91887, 689, 4.4, 1.063, 92, 96),
	(11, '13:40:35', 40.3727, -3.91875, 688, 4.5, 1.052, 92, 96),
	(11, '13:40:26', 40.3728, -3.91862, 686, 5.6, 1.04, 92, 96),
	(11, '13:40:19', 40.3727, -3.9185, 683, 4.9, 1.029, 92, 96),
	(11, '13:40:11', 40.3727, -3.91841, 685, 4.7, 1.018, 92, 96),
	(11, '13:40:02', 40.3726, -3.91834, 679, 4, 1.007, 91, 96),
	(11, '13:39:52', 40.3725, -3.91824, 676, 2.8, 0.996, 91, 96),
	(11, '13:39:38', 40.3725, -3.91813, 680, 4.7, 0.985, 91, 96),
	(11, '13:39:30', 40.3724, -3.91824, 677, 4.1, 0.974, 91, 96),
	(11, '13:39:20', 40.3724, -3.91835, 681, 3.7, 0.963, 91, 96),
	(11, '13:39:10', 40.3723, -3.91846, 682, 4.7, 0.953, 91, 96),
	(11, '13:39:02', 40.3723, -3.91858, 683, 5.6, 0.942, 91, 96),
	(11, '13:38:55', 40.3723, -3.91869, 682, 4.8, 0.931, 91, 96),
	(11, '13:38:47', 40.3722, -3.91878, 682, 6.2, 0.921, 91, 96),
	(11, '13:38:41', 40.3721, -3.91887, 681, 3.8, 0.91, 91, 96),
	(11, '13:38:31', 40.3721, -3.91893, 682, 5, 0.9, 91, 96),
	(11, '13:38:22', 40.3719, -3.91898, 678, 2.7, 0.887, 91, 96),
	(11, '13:38:07', 40.3718, -3.91896, 683, 5.4, 0.876, 91, 96),
	(11, '13:38:00', 40.3717, -3.91893, 680, 4.8, 0.866, 91, 96),
	(11, '13:37:52', 40.3717, -3.91892, 678, 6.1, 0.855, 89, 96),
	(11, '13:37:46', 40.3716, -3.91893, 679, 3.2, 0.845, 89, 96),
	(11, '13:37:34', 40.3715, -3.91894, 683, 5.3, 0.834, 89, 96),
	(11, '13:37:27', 40.3714, -3.91894, 682, 3.7, 0.824, 89, 96),
	(11, '13:37:17', 40.3713, -3.91893, 683, 5, 0.814, 89, 96),
	(11, '13:37:09', 40.3712, -3.91891, 683, 4, 0.803, 89, 96),
	(11, '13:37:00', 40.3711, -3.91891, 684, 4.4, 0.793, 89, 96),
	(11, '13:36:51', 40.3711, -3.91903, 684, 4.6, 0.781, 89, 96),
	(11, '13:36:43', 40.371, -3.91914, 684, 5.6, 0.771, 89, 96),
	(11, '13:36:36', 40.371, -3.91926, 682, 4.6, 0.76, 89, 96),
	(11, '13:36:27', 40.371, -3.91939, 683, 5.3, 0.749, 89, 96),
	(11, '13:36:19', 40.3709, -3.91953, 682, 6.4, 0.737, 89, 96),
	(11, '13:36:13', 40.371, -3.91964, 683, 4.7, 0.726, 89, 96),
	(11, '13:36:05', 40.3711, -3.91971, 682, 5.7, 0.716, 89, 96),
	(11, '13:35:58', 40.3712, -3.91974, 681, 6.9, 0.705, 89, 96),
	(11, '13:35:52', 40.3713, -3.91981, 680, 2.9, 0.693, 89, 96),
	(11, '13:35:39', 40.3713, -3.91987, 678, 3.6, 0.683, 89, 96),
	(11, '13:35:27', 40.3714, -3.9199, 682, 4.8, 0.671, 89, 96),
	(11, '13:35:19', 40.3715, -3.91997, 683, 3.2, 0.66, 87, 96),
	(11, '13:35:07', 40.3716, -3.92001, 683, 4.4, 0.649, 87, 96),
	(11, '13:34:57', 40.3717, -3.92005, 684, 7.6, 0.637, 87, 96),
	(11, '13:34:51', 40.3718, -3.92008, 685, 5.7, 0.624, 87, 96),
	(11, '13:34:43', 40.3719, -3.92015, 686, 3.9, 0.612, 87, 96),
	(11, '13:34:33', 40.372, -3.9202, 686, 4.5, 0.601, 87, 96),
	(11, '13:34:24', 40.3721, -3.92024, 686, 4.9, 0.589, 87, 96),
	(11, '13:34:16', 40.3722, -3.9203, 689, 3.1, 0.578, 87, 96),
	(11, '13:34:03', 40.3723, -3.92036, 690, 6.2, 0.567, 87, 96),
	(8, '13:33:57', 40.3724, -3.92038, 691, 2.6, 0.557, 85, 97),
	(8, '13:34:03', 40.3723, -3.92036, 690, 6.2, 0.567, 87, 96),
	(8, '13:34:16', 40.3722, -3.9203, 689, 3.1, 0.578, 87, 96),
	(8, '13:34:24', 40.3721, -3.92024, 686, 4.9, 0.589, 87, 96),
	(8, '13:34:33', 40.372, -3.9202, 686, 4.5, 0.601, 87, 96),
	(8, '13:34:43', 40.3719, -3.92015, 686, 3.9, 0.612, 87, 96),
	(8, '13:34:51', 40.3718, -3.92008, 685, 5.7, 0.624, 87, 96),
	(8, '13:34:57', 40.3717, -3.92005, 684, 7.6, 0.637, 87, 96),
	(8, '13:35:07', 40.3716, -3.92001, 683, 4.4, 0.649, 87, 96),
	(8, '13:35:19', 40.3715, -3.91997, 683, 3.2, 0.66, 87, 96),
	(8, '13:35:27', 40.3714, -3.9199, 682, 4.8, 0.671, 89, 96),
	(8, '13:35:39', 40.3713, -3.91987, 678, 3.6, 0.683, 89, 96),
	(8, '13:35:52', 40.3713, -3.91981, 680, 2.9, 0.693, 89, 96),
	(8, '13:35:58', 40.3712, -3.91974, 681, 6.9, 0.705, 89, 96),
	(8, '13:36:05', 40.3711, -3.91971, 682, 5.7, 0.716, 89, 96),
	(8, '13:36:13', 40.371, -3.91964, 683, 4.7, 0.726, 89, 96),
	(8, '13:36:19', 40.3709, -3.91953, 682, 6.4, 0.737, 89, 96),
	(8, '13:36:27', 40.371, -3.91939, 683, 5.3, 0.749, 89, 96),
	(8, '13:36:36', 40.371, -3.91926, 682, 4.6, 0.76, 89, 96),
	(8, '13:36:43', 40.371, -3.91914, 684, 5.6, 0.771, 89, 96),
	(8, '13:36:51', 40.3711, -3.91903, 684, 4.6, 0.781, 89, 96),
	(8, '13:37:00', 40.3711, -3.91891, 684, 4.4, 0.793, 89, 96),
	(8, '13:37:09', 40.3712, -3.91891, 683, 4, 0.803, 89, 96),
	(8, '13:37:17', 40.3713, -3.91893, 683, 5, 0.814, 89, 96),
	(8, '13:37:27', 40.3714, -3.91894, 682, 3.7, 0.824, 89, 96),
	(8, '13:37:34', 40.3715, -3.91894, 683, 5.3, 0.834, 89, 96),
	(8, '13:37:46', 40.3716, -3.91893, 679, 3.2, 0.845, 89, 96),
	(8, '13:37:52', 40.3717, -3.91892, 678, 6.1, 0.855, 89, 96),
	(8, '13:38:00', 40.3717, -3.91893, 680, 4.8, 0.866, 91, 96),
	(8, '13:38:07', 40.3718, -3.91896, 683, 5.4, 0.876, 91, 96),
	(8, '13:38:22', 40.3719, -3.91898, 678, 2.7, 0.887, 91, 96),
	(8, '13:38:31', 40.3721, -3.91893, 682, 5, 0.9, 91, 96),
	(8, '13:38:41', 40.3721, -3.91887, 681, 3.8, 0.91, 91, 96),
	(8, '13:38:47', 40.3722, -3.91878, 682, 6.2, 0.921, 91, 96),
	(8, '13:38:55', 40.3723, -3.91869, 682, 4.8, 0.931, 91, 96),
	(8, '13:39:02', 40.3723, -3.91858, 683, 5.6, 0.942, 91, 96),
	(8, '13:39:10', 40.3723, -3.91846, 682, 4.7, 0.953, 91, 96),
	(8, '13:39:20', 40.3724, -3.91835, 681, 3.7, 0.963, 91, 96),
	(8, '13:39:30', 40.3724, -3.91824, 677, 4.1, 0.974, 91, 96),
	(8, '13:39:38', 40.3725, -3.91813, 680, 4.7, 0.985, 91, 96),
	(8, '13:39:52', 40.3725, -3.91824, 676, 2.8, 0.996, 91, 96),
	(8, '13:40:02', 40.3726, -3.91834, 679, 4, 1.007, 91, 96),
	(8, '13:40:11', 40.3727, -3.91841, 685, 4.7, 1.018, 92, 96),
	(8, '13:40:19', 40.3727, -3.9185, 683, 4.9, 1.029, 92, 96),
	(8, '13:40:26', 40.3728, -3.91862, 686, 5.6, 1.04, 92, 96),
	(8, '13:40:35', 40.3727, -3.91875, 688, 4.5, 1.052, 92, 96),
	(8, '13:40:44', 40.3727, -3.91887, 689, 4.4, 1.063, 92, 96),
	(8, '13:40:52', 40.3727, -3.91897, 692, 4.5, 1.073, 92, 96),
	(8, '13:41:00', 40.3727, -3.91911, 694, 5.4, 1.084, 92, 96),
	(8, '13:41:07', 40.3727, -3.91923, 694, 5.6, 1.095, 92, 96),
	(8, '13:41:14', 40.3727, -3.91935, 694, 5.6, 1.106, 92, 96),
	(9, '13:26:21', 40.3732, -39.1955, 692, 0, 0, 72, 98),
	(9, '13:26:30', 40.3732, -39.1968, 692, 4.4, 0.011, 72, 98),
	(9, '13:26:39', 40.3732, -39.1981, 694, 4.3, 0.022, 72, 98),
	(9, '13:26:47', 40.3733, -39.1993, 691, 4.9, 0.033, 72, 98),
	(9, '13:26:54', 40.3733, -3.92004, 692, 5.5, 0.043, 75, 98),
	(9, '13:27:02', 40.3734, -3.92014, 693, 4.8, 0.054, 76, 98),
	(9, '13:27:09', 40.3734, -3.92025, 696, 5.3, 0.064, 76, 98),
	(9, '13:27:17', 40.3735, -3.92032, 695, 5, 0.075, 76, 98),
	(9, '13:27:25', 40.3736, -3.92036, 696, 4.8, 0.086, 76, 98),
	(9, '13:27:34', 40.3737, -3.92042, 694, 4.6, 0.097, 76, 98),
	(9, '13:27:46', 40.3738, -3.92045, 690, 3.4, 0.109, 76, 98),
	(9, '13:27:52', 40.3739, -3.92044, 691, 7.1, 0.121, 76, 98),
	(9, '13:28:00', 40.374, -3.92044, 693, 4.7, 0.131, 76, 98),
	(9, '13:28:09', 40.3741, -3.92048, 689, 4.5, 0.143, 76, 98),
	(9, '13:28:17', 40.3742, -3.92052, 689, 4.8, 0.153, 76, 98),
	(9, '13:28:26', 40.3742, -3.92059, 689, 4.2, 0.164, 76, 98),
	(9, '13:28:38', 40.3743, -3.92064, 687, 3, 0.174, 76, 98),
	(9, '13:28:46', 40.3744, -3.92068, 688, 5.1, 0.185, 76, 98),
	(9, '13:28:51', 40.3745, -3.92068, 691, 7.9, 0.196, 76, 98),
	(9, '13:29:00', 40.3746, -3.92069, 692, 4.6, 0.208, 80, 98),
	(9, '13:29:08', 40.3747, -3.92072, 693, 4.5, 0.218, 80, 98),
	(9, '13:29:23', 40.3747, -3.92084, 694, 2.6, 0.228, 80, 98),
	(9, '13:29:33', 40.3747, -3.92095, 693, 4, 0.24, 80, 98),
	(9, '13:29:43', 40.3746, -3.92106, 692, 3.9, 0.251, 80, 98),
	(9, '13:29:52', 40.3746, -3.92117, 695, 4.5, 0.262, 80, 98),
	(9, '13:30:01', 40.3746, -3.9213, 692, 4.2, 0.272, 80, 98),
	(9, '13:30:10', 40.3746, -3.92142, 693, 4.3, 0.283, 80, 98),
	(9, '13:30:17', 40.3745, -3.92149, 693, 5.5, 0.294, 80, 98),
	(9, '13:30:25', 40.3744, -3.92156, 697, 4.8, 0.305, 80, 98),
	(9, '13:30:33', 40.3743, -3.92154, 697, 4.6, 0.315, 80, 98),
	(9, '13:30:43', 40.3742, -3.92153, 696, 3.7, 0.325, 83, 98),
	(9, '13:30:52', 40.3741, -3.9215, 695, 4.2, 0.335, 83, 98),
	(9, '13:31:01', 40.3741, -3.92146, 695, 4.2, 0.346, 83, 98),
	(9, '13:31:08', 40.374, -3.92142, 695, 5.3, 0.356, 83, 98),
	(9, '13:31:19', 40.3739, -3.92136, 699, 3.9, 0.368, 83, 97),
	(9, '13:31:26', 40.3738, -3.92131, 697, 5.3, 0.378, 83, 97),
	(9, '13:31:33', 40.3737, -3.92128, 699, 5.8, 0.39, 83, 97),
	(9, '13:31:41', 40.3736, -3.92121, 702, 5.1, 0.401, 83, 97),
	(9, '13:31:49', 40.3735, -3.92114, 701, 4.6, 0.411, 83, 97),
	(9, '13:32:00', 40.3734, -3.92106, 699, 3.4, 0.422, 83, 97),
	(9, '13:32:08', 40.3734, -3.92094, 700, 5.6, 0.434, 83, 97),
	(9, '13:32:12', 40.3733, -3.92089, 697, 9.8, 0.445, 85, 97),
	(9, '13:32:23', 40.3732, -3.92081, 695, 4, 0.457, 85, 97),
	(9, '13:32:35', 40.3731, -3.92075, 693, 3.6, 0.47, 85, 97),
	(9, '13:32:46', 40.373, -3.92074, 691, 3.5, 0.48, 85, 97),
	(9, '13:32:54', 40.3729, -3.9207, 691, 4.8, 0.491, 85, 97),
	(9, '13:33:04', 40.3728, -3.92064, 692, 3.8, 0.501, 85, 97),
	(9, '13:33:14', 40.3728, -3.92056, 690, 3.7, 0.512, 85, 97),
	(9, '13:33:22', 40.3727, -3.92046, 690, 4.8, 0.522, 85, 97),
	(9, '13:33:33', 40.3726, -3.92041, 689, 4, 0.535, 85, 97),
	(9, '13:33:41', 40.3725, -3.92041, 692, 4.8, 0.545, 85, 97),
	(9, '13:33:57', 40.3724, -3.92038, 691, 2.6, 0.557, 85, 97),
	(9, '13:34:03', 40.3723, -3.92036, 690, 6.2, 0.567, 87, 96),
	(9, '13:34:16', 40.3722, -3.9203, 689, 3.1, 0.578, 87, 96),
	(9, '13:34:24', 40.3721, -3.92024, 686, 4.9, 0.589, 87, 96),
	(9, '13:34:33', 40.372, -3.9202, 686, 4.5, 0.601, 87, 96),
	(9, '13:34:43', 40.3719, -3.92015, 686, 3.9, 0.612, 87, 96),
	(9, '13:34:51', 40.3718, -3.92008, 685, 5.7, 0.624, 87, 96),
	(9, '13:34:57', 40.3717, -3.92005, 684, 7.6, 0.637, 87, 96),
	(9, '13:35:07', 40.3716, -3.92001, 683, 4.4, 0.649, 87, 96),
	(9, '13:35:19', 40.3715, -3.91997, 683, 3.2, 0.66, 87, 96),
	(9, '13:35:27', 40.3714, -3.9199, 682, 4.8, 0.671, 89, 96),
	(9, '13:35:39', 40.3713, -3.91987, 678, 3.6, 0.683, 89, 96),
	(9, '13:35:52', 40.3713, -3.91981, 680, 2.9, 0.693, 89, 96),
	(9, '13:35:58', 40.3712, -3.91974, 681, 6.9, 0.705, 89, 96),
	(9, '13:36:05', 40.3711, -3.91971, 682, 5.7, 0.716, 89, 96),
	(9, '13:36:13', 40.371, -3.91964, 683, 4.7, 0.726, 89, 96),
	(9, '13:36:19', 40.3709, -3.91953, 682, 6.4, 0.737, 89, 96),
	(9, '13:36:27', 40.371, -3.91939, 683, 5.3, 0.749, 89, 96),
	(9, '13:36:36', 40.371, -3.91926, 682, 4.6, 0.76, 89, 96),
	(9, '13:36:43', 40.371, -3.91914, 684, 5.6, 0.771, 89, 96),
	(9, '13:36:51', 40.3711, -3.91903, 684, 4.6, 0.781, 89, 96),
	(9, '13:37:00', 40.3711, -3.91891, 684, 4.4, 0.793, 89, 96),
	(9, '13:37:09', 40.3712, -3.91891, 683, 4, 0.803, 89, 96),
	(9, '13:37:17', 40.3713, -3.91893, 683, 5, 0.814, 89, 96),
	(9, '13:37:27', 40.3714, -3.91894, 682, 3.7, 0.824, 89, 96),
	(9, '13:37:34', 40.3715, -3.91894, 683, 5.3, 0.834, 89, 96),
	(9, '13:37:46', 40.3716, -3.91893, 679, 3.2, 0.845, 89, 96),
	(9, '13:37:52', 40.3717, -3.91892, 678, 6.1, 0.855, 89, 96),
	(9, '13:38:00', 40.3717, -3.91893, 680, 4.8, 0.866, 91, 96),
	(9, '13:38:07', 40.3718, -3.91896, 683, 5.4, 0.876, 91, 96),
	(9, '13:38:22', 40.3719, -3.91898, 678, 2.7, 0.887, 91, 96),
	(9, '13:38:31', 40.3721, -3.91893, 682, 5, 0.9, 91, 96),
	(9, '13:38:41', 40.3721, -3.91887, 681, 3.8, 0.91, 91, 96),
	(9, '13:38:47', 40.3722, -3.91878, 682, 6.2, 0.921, 91, 96),
	(9, '13:38:55', 40.3723, -3.91869, 682, 4.8, 0.931, 91, 96),
	(9, '13:39:02', 40.3723, -3.91858, 683, 5.6, 0.942, 91, 96),
	(9, '13:39:10', 40.3723, -3.91846, 682, 4.7, 0.953, 91, 96),
	(9, '13:39:20', 40.3724, -3.91835, 681, 3.7, 0.963, 91, 96),
	(9, '13:39:30', 40.3724, -3.91824, 677, 4.1, 0.974, 91, 96),
	(9, '13:39:38', 40.3725, -3.91813, 680, 4.7, 0.985, 91, 96),
	(9, '13:39:52', 40.3725, -3.91824, 676, 2.8, 0.996, 91, 96),
	(9, '13:40:02', 40.3726, -3.91834, 679, 4, 1.007, 91, 96),
	(9, '13:40:11', 40.3727, -3.91841, 685, 4.7, 1.018, 92, 96),
	(9, '13:40:19', 40.3727, -3.9185, 683, 4.9, 1.029, 92, 96),
	(9, '13:40:26', 40.3728, -3.91862, 686, 5.6, 1.04, 92, 96),
	(9, '13:40:35', 40.3727, -3.91875, 688, 4.5, 1.052, 92, 96),
	(9, '13:40:44', 40.3727, -3.91887, 689, 4.4, 1.063, 92, 96),
	(9, '13:40:52', 40.3727, -3.91897, 692, 4.5, 1.073, 92, 96),
	(9, '13:41:00', 40.3727, -3.91911, 694, 5.4, 1.084, 92, 96),
	(9, '13:41:07', 40.3727, -3.91923, 694, 5.6, 1.095, 92, 96),
	(9, '13:41:14', 40.3727, -3.91935, 694, 5.6, 1.106, 92, 96),
	(11, '13:33:57', 40.3724, -3.92038, 691, 2.6, 0.557, 85, 97),
	(11, '13:33:41', 40.3725, -3.92041, 692, 4.8, 0.545, 85, 97),
	(11, '13:33:33', 40.3726, -3.92041, 689, 4, 0.535, 85, 97),
	(11, '13:33:22', 40.3727, -3.92046, 690, 4.8, 0.522, 85, 97),
	(11, '13:33:14', 40.3728, -3.92056, 690, 3.7, 0.512, 85, 97),
	(11, '13:33:04', 40.3728, -3.92064, 692, 3.8, 0.501, 85, 97),
	(11, '13:32:54', 40.3729, -3.9207, 691, 4.8, 0.491, 85, 97),
	(11, '13:32:46', 40.373, -3.92074, 691, 3.5, 0.48, 85, 97),
	(11, '13:32:35', 40.3731, -3.92075, 693, 3.6, 0.47, 85, 97),
	(11, '13:32:23', 40.3732, -3.92081, 695, 4, 0.457, 85, 97),
	(11, '13:32:12', 40.3733, -3.92089, 697, 9.8, 0.445, 85, 97),
	(11, '13:32:08', 40.3734, -3.92094, 700, 5.6, 0.434, 83, 97),
	(11, '13:32:00', 40.3734, -3.92106, 699, 3.4, 0.422, 83, 97),
	(11, '13:31:49', 40.3735, -3.92114, 701, 4.6, 0.411, 83, 97),
	(11, '13:31:41', 40.3736, -3.92121, 702, 5.1, 0.401, 83, 97),
	(11, '13:31:33', 40.3737, -3.92128, 699, 5.8, 0.39, 83, 97),
	(11, '13:31:26', 40.3738, -3.92131, 697, 5.3, 0.378, 83, 97),
	(11, '13:31:19', 40.3739, -3.92136, 699, 3.9, 0.368, 83, 97),
	(11, '13:31:08', 40.374, -3.92142, 695, 5.3, 0.356, 83, 98),
	(11, '13:31:01', 40.3741, -3.92146, 695, 4.2, 0.346, 83, 98),
	(11, '13:30:52', 40.3741, -3.9215, 695, 4.2, 0.335, 83, 98),
	(11, '13:30:43', 40.3742, -3.92153, 696, 3.7, 0.325, 83, 98),
	(11, '13:30:33', 40.3743, -3.92154, 697, 4.6, 0.315, 80, 98),
	(11, '13:30:25', 40.3744, -3.92156, 697, 4.8, 0.305, 80, 98),
	(11, '13:30:17', 40.3745, -3.92149, 693, 5.5, 0.294, 80, 98),
	(11, '13:30:10', 40.3746, -3.92142, 693, 4.3, 0.283, 80, 98),
	(11, '13:30:01', 40.3746, -3.9213, 692, 4.2, 0.272, 80, 98),
	(11, '13:29:52', 40.3746, -3.92117, 695, 4.5, 0.262, 80, 98),
	(11, '13:29:43', 40.3746, -3.92106, 692, 3.9, 0.251, 80, 98),
	(11, '13:29:33', 40.3747, -3.92095, 693, 4, 0.24, 80, 98),
	(11, '13:29:23', 40.3747, -3.92084, 694, 2.6, 0.228, 80, 98),
	(11, '13:29:08', 40.3747, -3.92072, 693, 4.5, 0.218, 80, 98),
	(11, '13:29:00', 40.3746, -3.92069, 692, 4.6, 0.208, 80, 98),
	(11, '13:28:51', 40.3745, -3.92068, 691, 7.9, 0.196, 76, 98),
	(11, '13:28:46', 40.3744, -3.92068, 688, 5.1, 0.185, 76, 98),
	(11, '13:28:38', 40.3743, -3.92064, 687, 3, 0.174, 76, 98),
	(11, '13:28:26', 40.3742, -3.92059, 689, 4.2, 0.164, 76, 98),
	(11, '13:28:17', 40.3742, -3.92052, 689, 4.8, 0.153, 76, 98),
	(11, '13:28:09', 40.3741, -3.92048, 689, 4.5, 0.143, 76, 98),
	(11, '13:28:00', 40.374, -3.92044, 693, 4.7, 0.131, 76, 98),
	(11, '13:27:52', 40.3739, -3.92044, 691, 7.1, 0.121, 76, 98),
	(11, '13:27:46', 40.3738, -3.92045, 690, 3.4, 0.109, 76, 98),
	(11, '13:27:34', 40.3737, -3.92042, 694, 4.6, 0.097, 76, 98),
	(11, '13:27:25', 40.3736, -3.92036, 696, 4.8, 0.086, 76, 98),
	(11, '13:27:17', 40.3735, -3.92032, 695, 5, 0.075, 76, 98),
	(11, '13:27:09', 40.3734, -3.92025, 696, 5.3, 0.064, 76, 98),
	(11, '13:27:02', 40.3734, -3.92014, 693, 4.8, 0.054, 76, 98),
	(11, '13:26:54', 40.3733, -3.92004, 692, 5.5, 0.043, 75, 98),
	(11, '13:26:47', 40.3733, -39.1993, 691, 4.9, 0.033, 72, 98),
	(11, '13:26:39', 40.3732, -39.1981, 694, 4.3, 0.022, 72, 98),
	(11, '13:26:30', 40.3732, -39.1968, 692, 4.4, 0.011, 72, 98),
	(11, '13:26:21', 40.3732, -39.1955, 692, 0, 0, 72, 98),
	(15, '13:41:07', 40.3727, -3.91923, 694, 5.6, 1.095, 92, 96),
	(15, '13:41:00', 40.3727, -3.91911, 694, 5.4, 1.084, 92, 96),
	(15, '13:40:52', 40.3727, -3.91897, 692, 4.5, 1.073, 92, 96),
	(15, '13:40:44', 40.3727, -3.91887, 689, 4.4, 1.063, 92, 96),
	(15, '13:40:35', 40.3727, -3.91875, 688, 4.5, 1.052, 92, 96),
	(15, '13:40:26', 40.3728, -3.91862, 686, 5.6, 1.04, 92, 96),
	(15, '13:40:19', 40.3727, -3.9185, 683, 4.9, 1.029, 92, 96),
	(15, '13:40:11', 40.3727, -3.91841, 685, 4.7, 1.018, 92, 96),
	(15, '13:40:02', 40.3726, -3.91834, 679, 4, 1.007, 91, 96),
	(15, '13:39:52', 40.3725, -3.91824, 676, 2.8, 0.996, 91, 96),
	(15, '13:39:38', 40.3725, -3.91813, 680, 4.7, 0.985, 91, 96),
	(15, '13:39:30', 40.3724, -3.91824, 677, 4.1, 0.974, 91, 96),
	(15, '13:39:20', 40.3724, -3.91835, 681, 3.7, 0.963, 91, 96),
	(15, '13:39:10', 40.3723, -3.91846, 682, 4.7, 0.953, 91, 96),
	(15, '13:39:02', 40.3723, -3.91858, 683, 5.6, 0.942, 91, 96),
	(15, '13:38:55', 40.3723, -3.91869, 682, 4.8, 0.931, 91, 96),
	(15, '13:38:47', 40.3722, -3.91878, 682, 6.2, 0.921, 91, 96),
	(15, '13:38:41', 40.3721, -3.91887, 681, 3.8, 0.91, 91, 96),
	(15, '13:38:31', 40.3721, -3.91893, 682, 5, 0.9, 91, 96),
	(15, '13:38:22', 40.3719, -3.91898, 678, 2.7, 0.887, 91, 96),
	(15, '13:38:07', 40.3718, -3.91896, 683, 5.4, 0.876, 91, 96),
	(15, '13:38:00', 40.3717, -3.91893, 680, 4.8, 0.866, 91, 96),
	(15, '13:37:52', 40.3717, -3.91892, 678, 6.1, 0.855, 89, 96),
	(15, '13:37:46', 40.3716, -3.91893, 679, 3.2, 0.845, 89, 96),
	(15, '13:37:34', 40.3715, -3.91894, 683, 5.3, 0.834, 89, 96),
	(15, '13:37:27', 40.3714, -3.91894, 682, 3.7, 0.824, 89, 96),
	(15, '13:37:17', 40.3713, -3.91893, 683, 5, 0.814, 89, 96),
	(15, '13:37:09', 40.3712, -3.91891, 683, 4, 0.803, 89, 96),
	(15, '13:37:00', 40.3711, -3.91891, 684, 4.4, 0.793, 89, 96),
	(15, '13:36:51', 40.3711, -3.91903, 684, 4.6, 0.781, 89, 96),
	(15, '13:36:43', 40.371, -3.91914, 684, 5.6, 0.771, 89, 96),
	(15, '13:36:36', 40.371, -3.91926, 682, 4.6, 0.76, 89, 96),
	(15, '13:36:27', 40.371, -3.91939, 683, 5.3, 0.749, 89, 96),
	(15, '13:36:19', 40.3709, -3.91953, 682, 6.4, 0.737, 89, 96),
	(15, '13:36:13', 40.371, -3.91964, 683, 4.7, 0.726, 89, 96),
	(15, '13:36:05', 40.3711, -3.91971, 682, 5.7, 0.716, 89, 96),
	(15, '13:35:58', 40.3712, -3.91974, 681, 6.9, 0.705, 89, 96),
	(15, '13:35:52', 40.3713, -3.91981, 680, 2.9, 0.693, 89, 96),
	(15, '13:35:39', 40.3713, -3.91987, 678, 3.6, 0.683, 89, 96),
	(15, '13:35:27', 40.3714, -3.9199, 682, 4.8, 0.671, 89, 96),
	(15, '13:35:19', 40.3715, -3.91997, 683, 3.2, 0.66, 87, 96),
	(15, '13:35:07', 40.3716, -3.92001, 683, 4.4, 0.649, 87, 96),
	(15, '13:34:57', 40.3717, -3.92005, 684, 7.6, 0.637, 87, 96),
	(15, '13:34:51', 40.3718, -3.92008, 685, 5.7, 0.624, 87, 96),
	(15, '13:34:43', 40.3719, -3.92015, 686, 3.9, 0.612, 87, 96),
	(15, '13:34:33', 40.372, -3.9202, 686, 4.5, 0.601, 87, 96),
	(15, '13:34:24', 40.3721, -3.92024, 686, 4.9, 0.589, 87, 96),
	(15, '13:34:16', 40.3722, -3.9203, 689, 3.1, 0.578, 87, 96),
	(15, '13:34:03', 40.3723, -3.92036, 690, 6.2, 0.567, 87, 96),
	(15, '13:33:57', 40.3724, -3.92038, 691, 2.6, 0.557, 85, 97),
	(15, '13:33:41', 40.3725, -3.92041, 692, 4.8, 0.545, 85, 97),
	(15, '13:33:33', 40.3726, -3.92041, 689, 4, 0.535, 85, 97),
	(15, '13:33:22', 40.3727, -3.92046, 690, 4.8, 0.522, 85, 97),
	(15, '13:33:14', 40.3728, -3.92056, 690, 3.7, 0.512, 85, 97),
	(15, '13:33:04', 40.3728, -3.92064, 692, 3.8, 0.501, 85, 97),
	(15, '13:32:54', 40.3729, -3.9207, 691, 4.8, 0.491, 85, 97),
	(15, '13:32:46', 40.373, -3.92074, 691, 3.5, 0.48, 85, 97),
	(15, '13:32:35', 40.3731, -3.92075, 693, 3.6, 0.47, 85, 97),
	(15, '13:32:23', 40.3732, -3.92081, 695, 4, 0.457, 85, 97),
	(15, '13:32:12', 40.3733, -3.92089, 697, 9.8, 0.445, 85, 97),
	(15, '13:32:08', 40.3734, -3.92094, 700, 5.6, 0.434, 83, 97),
	(15, '13:32:00', 40.3734, -3.92106, 699, 3.4, 0.422, 83, 97),
	(15, '13:31:49', 40.3735, -3.92114, 701, 4.6, 0.411, 83, 97),
	(15, '13:31:41', 40.3736, -3.92121, 702, 5.1, 0.401, 83, 97),
	(15, '13:31:33', 40.3737, -3.92128, 699, 5.8, 0.39, 83, 97),
	(15, '13:31:26', 40.3738, -3.92131, 697, 5.3, 0.378, 83, 97),
	(15, '13:31:19', 40.3739, -3.92136, 699, 3.9, 0.368, 83, 97),
	(15, '13:31:08', 40.374, -3.92142, 695, 5.3, 0.356, 83, 98),
	(15, '13:31:01', 40.3741, -3.92146, 695, 4.2, 0.346, 83, 98),
	(15, '13:30:52', 40.3741, -3.9215, 695, 4.2, 0.335, 83, 98),
	(15, '13:30:43', 40.3742, -3.92153, 696, 3.7, 0.325, 83, 98),
	(15, '13:30:33', 40.3743, -3.92154, 697, 4.6, 0.315, 80, 98),
	(15, '13:30:25', 40.3744, -3.92156, 697, 4.8, 0.305, 80, 98),
	(15, '13:30:17', 40.3745, -3.92149, 693, 5.5, 0.294, 80, 98),
	(15, '13:30:10', 40.3746, -3.92142, 693, 4.3, 0.283, 80, 98),
	(15, '13:30:01', 40.3746, -3.9213, 692, 4.2, 0.272, 80, 98),
	(15, '13:29:52', 40.3746, -3.92117, 695, 4.5, 0.262, 80, 98),
	(15, '13:29:43', 40.3746, -3.92106, 692, 3.9, 0.251, 80, 98),
	(15, '13:29:33', 40.3747, -3.92095, 693, 4, 0.24, 80, 98),
	(15, '13:29:23', 40.3747, -3.92084, 694, 2.6, 0.228, 80, 98),
	(15, '13:29:08', 40.3747, -3.92072, 693, 4.5, 0.218, 80, 98),
	(15, '13:29:00', 40.3746, -3.92069, 692, 4.6, 0.208, 80, 98),
	(15, '13:28:51', 40.3745, -3.92068, 691, 7.9, 0.196, 76, 98),
	(15, '13:28:46', 40.3744, -3.92068, 688, 5.1, 0.185, 76, 98),
	(15, '13:28:38', 40.3743, -3.92064, 687, 3, 0.174, 76, 98),
	(15, '13:28:26', 40.3742, -3.92059, 689, 4.2, 0.164, 76, 98),
	(15, '13:28:17', 40.3742, -3.92052, 689, 4.8, 0.153, 76, 98),
	(15, '13:28:09', 40.3741, -3.92048, 689, 4.5, 0.143, 76, 98),
	(15, '13:28:00', 40.374, -3.92044, 693, 4.7, 0.131, 76, 98),
	(15, '13:27:52', 40.3739, -3.92044, 691, 7.1, 0.121, 76, 98),
	(15, '13:27:46', 40.3738, -3.92045, 690, 3.4, 0.109, 76, 98),
	(15, '13:27:34', 40.3737, -3.92042, 694, 4.6, 0.097, 76, 98),
	(15, '13:27:25', 40.3736, -3.92036, 696, 4.8, 0.086, 76, 98),
	(15, '13:27:17', 40.3735, -3.92032, 695, 5, 0.075, 76, 98),
	(15, '13:27:09', 40.3734, -3.92025, 696, 5.3, 0.064, 76, 98),
	(15, '13:27:02', 40.3734, -3.92014, 693, 4.8, 0.054, 76, 98),
	(15, '13:26:54', 40.3733, -3.92004, 692, 5.5, 0.043, 75, 98),
	(15, '13:26:47', 40.3733, -39.1993, 691, 4.9, 0.033, 72, 98),
	(15, '13:26:39', 40.3732, -39.1981, 694, 4.3, 0.022, 72, 98),
	(15, '13:26:30', 40.3732, -39.1968, 692, 4.4, 0.011, 72, 98),
	(15, '13:26:21', 40.3732, -39.1955, 692, 0, 0, 72, 98);
/*!40000 ALTER TABLE `REGISTRO` ENABLE KEYS */;

-- Volcando estructura para tabla proyectoinfo2.SECRETARIA
CREATE TABLE IF NOT EXISTS `SECRETARIA` (
  `ID_SECRETARIA` int(11) NOT NULL,
  `ID_USUARIO` int(11) NOT NULL,
  PRIMARY KEY (`ID_SECRETARIA`),
  KEY `ID_USUARIO` (`ID_USUARIO`)
) ENGINE=MyISAM DEFAULT CHARSET=utf8 COLLATE=utf8_spanish_ci;

-- Volcando datos para la tabla proyectoinfo2.SECRETARIA: 1 rows
/*!40000 ALTER TABLE `SECRETARIA` DISABLE KEYS */;
INSERT IGNORE INTO `SECRETARIA` (`ID_SECRETARIA`, `ID_USUARIO`) VALUES
	(1, 8);
/*!40000 ALTER TABLE `SECRETARIA` ENABLE KEYS */;

-- Volcando estructura para tabla proyectoinfo2.SESIONES
CREATE TABLE IF NOT EXISTS `SESIONES` (
  `ID_SESIONES` int(11) NOT NULL AUTO_INCREMENT,
  `ID_USUARIO` int(11) NOT NULL,
  `PESO` double NOT NULL,
  `FECHA` varchar(50) COLLATE utf8_spanish_ci NOT NULL,
  `ESTADO` int(11) NOT NULL,
  `COMENTARIO` varchar(60) COLLATE utf8_spanish_ci NOT NULL,
  `IMC` double NOT NULL,
  `TAG` int(11) NOT NULL,
  PRIMARY KEY (`ID_SESIONES`),
  UNIQUE KEY `ID_SESIONES` (`ID_SESIONES`)
) ENGINE=MyISAM AUTO_INCREMENT=17 DEFAULT CHARSET=utf8 COLLATE=utf8_spanish_ci;

-- Volcando datos para la tabla proyectoinfo2.SESIONES: 8 rows
/*!40000 ALTER TABLE `SESIONES` DISABLE KEYS */;
INSERT IGNORE INTO `SESIONES` (`ID_SESIONES`, `ID_USUARIO`, `PESO`, `FECHA`, `ESTADO`, `COMENTARIO`, `IMC`, `TAG`) VALUES
	(1, 1, 80, '21-may-2017', 2, 'BUENA SESION', 1, 5),
	(2, 2, 90, '28-may-2017', 1, 'Hoy he podido hacer una buena rutina de entrenamiento.', 1, 0),
	(3, 3, 100, '19-may-2015', 1, 'REGULAR', 1, 9),
	(7, 1, 53.1, '05-may-2017', 2, 'triiiiiiste', 1, 0),
	(8, 1, 15.1, '17-may-2017', 1, 'prueba', 1, 0),
	(9, 1, 47.5, '17-may-2017', 2, 'Careo', 1, 0),
	(11, 1, 59.1, '09-jun-2017', 1, 'Hoy he podido hacer una buena rutina de entrenamiento.', 26.2666666666667, 0),
	(16, 1, 15.1, '14-jun-2017', 1, 'ha sido genial!!', 5.8984375, 13);
/*!40000 ALTER TABLE `SESIONES` ENABLE KEYS */;

-- Volcando estructura para tabla proyectoinfo2.TAGS
CREATE TABLE IF NOT EXISTS `TAGS` (
  `ID` int(11) NOT NULL AUTO_INCREMENT,
  `NOMBRE` varchar(50) COLLATE utf8_spanish_ci NOT NULL,
  PRIMARY KEY (`ID`),
  UNIQUE KEY `ID` (`ID`)
) ENGINE=MyISAM AUTO_INCREMENT=21 DEFAULT CHARSET=utf8 COLLATE=utf8_spanish_ci;

-- Volcando datos para la tabla proyectoinfo2.TAGS: 19 rows
/*!40000 ALTER TABLE `TAGS` DISABLE KEYS */;
INSERT IGNORE INTO `TAGS` (`ID`, `NOMBRE`) VALUES
	(1, 'Paseo'),
	(9, 'Hípica'),
	(2, 'Ciclismo'),
	(3, 'Maratón'),
	(4, 'Media Maratón'),
	(5, 'Trekking'),
	(6, 'Senderismo'),
	(7, 'Ski'),
	(0, 'Actividad Libre'),
	(8, 'Carrera'),
	(10, 'Ciclismo en interior'),
	(11, 'Cinta'),
	(12, 'Gimnasio'),
	(13, 'Snowboard'),
	(14, 'Fútbol'),
	(15, 'Contrarreloj'),
	(16, 'Baloncesto'),
	(18, 'Natación'),
	(17, 'Rugby');
/*!40000 ALTER TABLE `TAGS` ENABLE KEYS */;

-- Volcando estructura para tabla proyectoinfo2.USUARIO
CREATE TABLE IF NOT EXISTS `USUARIO` (
  `ID_USUARIO` int(11) NOT NULL AUTO_INCREMENT,
  `NICK` varchar(50) COLLATE utf8_spanish_ci NOT NULL,
  `TIPOUSER` int(11) NOT NULL,
  `ACTIVIDAD` int(11) DEFAULT NULL,
  PRIMARY KEY (`ID_USUARIO`),
  UNIQUE KEY `ID_USUARIO` (`ID_USUARIO`)
) ENGINE=MyISAM AUTO_INCREMENT=70 DEFAULT CHARSET=utf8 COLLATE=utf8_spanish_ci;

-- Volcando datos para la tabla proyectoinfo2.USUARIO: 42 rows
/*!40000 ALTER TABLE `USUARIO` DISABLE KEYS */;
INSERT IGNORE INTO `USUARIO` (`ID_USUARIO`, `NICK`, `TIPOUSER`, `ACTIVIDAD`) VALUES
	(1, '11001', 0, 1),
	(2, '11002', 0, 1),
	(3, '11003', 0, 1),
	(4, '22001', 1, 1),
	(5, 'admin', 2, 1),
	(6, '22002', 1, 1),
	(7, '12345678R', 0, 1),
	(11, '741369852L', 1, 1),
	(13, '753916842P', 1, 1),
	(30, '47403062Q', 0, 1),
	(35, '78459612L', 1, 0),
	(36, '45678912G', 0, 1),
	(37, '74125896D', 0, 1),
	(41, '78945632P', 0, 1),
	(42, '52369874F', 0, 1),
	(43, '456789123H', 0, 1),
	(44, '45678932N', 0, 1),
	(45, '12345678L', 1, 1),
	(8, 'sec', 3, 1),
	(46, '19701590C', 0, 1),
	(47, '19701590C', 0, 1),
	(48, '123412c', 0, 1),
	(49, '69696969c', 1, 1),
	(50, '69696969c', 1, 1),
	(51, '8746323X', 1, 1),
	(52, '69696969X', 1, 1),
	(53, '123124Y', 1, 1),
	(55, '456123789L', 0, 1),
	(56, '123456897F', 0, 1),
	(57, '789123456G', 0, 1),
	(58, '98765432L', 0, 1),
	(59, '12345689F', 0, 1),
	(60, '123456789', 0, 1),
	(61, '12345789A', 0, 1),
	(62, '123456778', 0, 1),
	(63, 'A123456789', 0, 1),
	(64, '123456789B', 0, 1),
	(65, '2832012P', 1, 1),
	(66, '65432981Ñ', 1, 0),
	(67, 'hsjfakhl3', 1, 0),
	(68, 'jaskljñag6', 1, 0),
	(69, '125478963L', 0, 1);
/*!40000 ALTER TABLE `USUARIO` ENABLE KEYS */;

-- Volcando estructura para disparador proyectoinfo2.PASS_after_delete
SET @OLDTMP_SQL_MODE=@@SQL_MODE, SQL_MODE='';
DELIMITER //
CREATE TRIGGER `PASS_after_delete` AFTER DELETE ON `PASS` FOR EACH ROW BEGIN
INSERT INTO LOG_PASSWORD (OPERACION, ID_USUARIO, TIMESTAMP, CONTRA)
VALUES('INSERT',OLD.ID_USUARIO, NOW(), OLD.CONTRA);
END//
DELIMITER ;
SET SQL_MODE=@OLDTMP_SQL_MODE;

-- Volcando estructura para disparador proyectoinfo2.PASS_after_insert
SET @OLDTMP_SQL_MODE=@@SQL_MODE, SQL_MODE='';
DELIMITER //
CREATE TRIGGER `PASS_after_insert` AFTER INSERT ON `PASS` FOR EACH ROW BEGIN
INSERT INTO LOG_PASSWORD (OPERACION, ID_USUARIO, TIMESTAMP, CONTRA)
VALUES('INSERT',NEW.ID_USUARIO, NOW(), new.CONTRA);
END//
DELIMITER ;
SET SQL_MODE=@OLDTMP_SQL_MODE;

-- Volcando estructura para disparador proyectoinfo2.PASS_after_update
SET @OLDTMP_SQL_MODE=@@SQL_MODE, SQL_MODE='';
DELIMITER //
CREATE TRIGGER `PASS_after_update` AFTER UPDATE ON `PASS` FOR EACH ROW BEGIN
INSERT INTO LOG_PASSWORD (OPERACION, ID_USUARIO, TIMESTAMP, CONTRA)
VALUES('UPDATE',NEW.ID_USUARIO, NOW(), new.CONTRA);
END//
DELIMITER ;
SET SQL_MODE=@OLDTMP_SQL_MODE;

/*!40101 SET SQL_MODE=IFNULL(@OLD_SQL_MODE, '') */;
/*!40014 SET FOREIGN_KEY_CHECKS=IF(@OLD_FOREIGN_KEY_CHECKS IS NULL, 1, @OLD_FOREIGN_KEY_CHECKS) */;
/*!40101 SET CHARACTER_SET_CLIENT=@OLD_CHARACTER_SET_CLIENT */;
